linear_sequence,mhc_allele_name
ALWMRLLPL,HLA-A*02:01
ALWMRLLPL,HLA-B*08:01
FLFAVGFYL,HLA-A*02:01
FLIVLSVAL,HLA-A*02:01
FLWSVFMLI,HLA-A*02:01
GIVEQCCTSI,HLA-A*02:01
GMAELMAGL,HLA-A*02:01
HLVEALYLV,HLA-A*02:01
KLQVFLIVL,HLA-A*02:01
LLLLLPPRV,HLA-A*02:01
LLPPLLEHL,HLA-A*02:01
RLLCALTSL,HLA-A*02:01
SLAAGVKLL,HLA-A*02:01
SLQKRGIVEQ,HLA-A*02:01
SLQPLALEG,HLA-A*02:01
SLQPLALEG,HLA-A*03:01
SLSPLQAEL,HLA-A*02:01
SLYQLENYC,HLA-A*02:01
ALTAVAEEV,HLA-A*02:01
FLQDVMNIL,HLA-A*02:01
HLCGSHLVEA,HLA-A*02:01
LLQEYNWEL,HLA-A*02:01
LYLVCGERG,HLA-A*02:01
RMMEYGTTMV,HLA-A*02:01
SLYHVYEVNL,HLA-A*02:01
TIADFWQMV,HLA-A*02:01
VCGERGFFYT,HLA-A*01:01
VCGERGFFYT,HLA-A*02:01
VCGERGFFYT,HLA-B*08:01
VCGERGFFYT,HLA-B*18:01
VIVMLTPLV,HLA-A*02:01
VMNILLQYVV,HLA-A*02:01
ALWGPDPAAA,HLA-A*02:01
RLLPLLALL,HLA-A*02:01
RLLPLLALL,HLA-A*24:02
VLFGLGFAI,HLA-A*02:01
VLFGLGFAI,HLA-A*03:01
WGPDPAAA,HLA-A*02:01
SHLVEALYLV,HLA-A*02:01
FQDENYLYL,HLA-A*02:01
GSLQPLALEGSLQKRGIV,HLA-A*02:01
ELAEYLYNI,HLA-A*02:01
ILMHCQTTL,HLA-A*02:01
NLFLFLFAV,HLA-A*02:01
YLLLRVLNI,HLA-A*02:01
ALWMRLLPLL,HLA-A*02:01
ALWMRLLPLL,HLA-A*24:02
ALWMRLLPLL,HLA-B*08:01
LWMRLLPLL,HLA-A*02:01
LWMRLLPLL,HLA-A*24:02
WMRLLPLLAL,HLA-A*02:01
WMRLLPLLAL,HLA-B*07:02
LCGSHLVEAL,HLA-A*02:01
LLDVAPLSL,HLA-A*02:01
LLLLDVAPL,HLA-A*02:01
LMGDKSENV,HLA-A*02:01
LIMQLMPFGCL,HLA-A*02:01
LTLLGTLWGA,HLA-A*02:01
SVLWLGALGL,HLA-A*02:01
VIIKPLVWV,HLA-A*02:01
CMLGTYTQDF,HLA-A*02:01
FLALSILVL,HLA-A*02:01
LLAALVQDYL,HLA-A*02:01
VLLQAGSLHA,HLA-A*02:01
EAAGIGILTV,HLA-A*02:01
VISNDVCAQV,HLA-A*02:01
KYLATASTMDHARHGFLPRH,HLA-A*02:01
GSGKDSHHPARTAHYGSLPQ,HLA-A*02:01
GFGYGGRASDYKSAHKGFKG,HLA-A*02:01
LLFSFAQAV,HLA-A*02:01
MEVGWYRSPFSRVVHLYRNGK,HLA-A*02:01
LALWGPDPAA,HLA-A*02:01
RLLPLLALLAL,HLA-A*02:01
NLAQDLATV,HLA-A*02:01
KVEDPFYWV,HLA-A*02:01
RLAGQFLEEL,HLA-A*02:01
KLIETYFSK,HLA-A*02:01
KLIETYFSK,HLA-A*03:01
NLVPMVATV,HLA-A*02:01
KLSEGDLLA,HLA-A*02:01
ELAGIGILTV,HLA-A*02:01
ELAGIGILTV,HLA-B*07:02
SLMSWSAIL,HLA-A*02:01
RRYLENGKETL,HLA-A*02:01
RRYLENGKETL,HLA-B*27:05
DLDLKGPKV,HLA-A*02:01
FVTETPLEG,HLA-A*02:01
GLDGAVDMG,HLA-A*02:01
LFSTAEAAV,HLA-A*02:01
LRSEGSPLV,HLA-A*02:01
TSAEDLNLL,HLA-A*02:01
VSDEGGSPI,HLA-A*02:01
YPQTDVFLV,HLA-A*02:01
YSARIEENI,HLA-A*02:01
VLHDDLLEA,HLA-A*02:01
FEAQGALANIAVDK,HLA-A*02:01
FEAQGALANIAVDK,HLA-B*07:02
FIDSYICQV,HLA-A*02:01
SPSVDKARAEL,HLA-A*02:01
SPSVDKARAEL,HLA-B*07:02
LLAGIGTVPI,HLA-A*02:01
YIGEVLVSV,HLA-A*02:01
YSLEYFQFV,HLA-A*02:01
CIPPDSLLFPA,HLA-A*02:01
MVWESGCTV,HLA-A*02:01
QLVQSGAEV,HLA-A*02:01
FIFPASKVYL,HLA-A*02:01
FLLDILGAT,HLA-A*02:01
KLMPPDRTAV,HLA-A*02:01
LLVSEIDWL,HLA-A*02:01
RLLIKKLPRV,HLA-A*02:01
RTLDKVLEV,HLA-A*02:01
EVDPIGHLY,HLA-A*01:01
EVDPIGHLY,HLA-A*02:01
EVDPIGHLY,HLA-A*03:01
EVDPIGHLY,HLA-A*26:01
EVDPIGHLY,HLA-B*07:02
EVDPIGHLY,HLA-B*15:01
EVDPIGHLY,HLA-B*27:05
EVDPIGHLY,HLA-B*58:01
RVEYHFLSPYVSPK,HLA-A*02:01
AAGIGILTV,HLA-A*02:01
AAGIGILTV,HLA-B*07:02
LLIGATMQV,HLA-A*02:01
RTGEVKWSV,HLA-A*02:01
PLALEGSLQK,HLA-A*02:01
PLALEGSLQK,HLA-A*03:01
PLLALLALWG,HLA-A*02:01
PLLALLALWG,HLA-A*03:01
SLQKRGIVE,HLA-A*02:01
FLFDGSPTYVL,HLA-A*02:01
YLYGQTTTY,HLA-A*02:01
YLYGQTTTY,HLA-B*15:01
ALGDLFQSI,HLA-A*02:01
DLTSFLLSL,HLA-A*02:01
EILGALLSI,HLA-A*02:01
FLLSLFSLWL,HLA-A*02:01
ILAVDGVLSV,HLA-A*02:01
ILGALLSIL,HLA-A*02:01
ILKDFSILL,HLA-A*02:01
ILSAHVATA,HLA-A*02:01
LLIDLTSFL,HLA-A*02:01
LLMEGVPKSL,HLA-A*02:01
SLNYSGVKEL,HLA-A*02:01
SVHSLHIWSL,HLA-A*02:01
VVTGVLVYL,HLA-A*02:01
ALLKDTVYT,HLA-A*02:01
FFWQVLEAV,HLA-A*02:01
FIKQILDGV,HLA-A*02:01
GLEADMWSI,HLA-A*02:01
HLIRWCLAL,HLA-A*02:01
IQATVMIIV,HLA-A*02:01
KLIDFGSGA,HLA-A*02:01
KLSFSIVSL,HLA-A*02:01
KMYAFTLES,HLA-A*02:01
LAVDGVLSV,HLA-A*02:01
LILERPEPV,HLA-A*02:01
LLSGASPFL,HLA-A*02:01
LLSILCIWV,HLA-A*02:01
LLSKINSLA,HLA-A*02:01
LLSLFSLWL,HLA-A*02:01
MIIVSSCAV,HLA-A*02:01
MLLDKNIPI,HLA-A*02:01
MLLSKINSL,HLA-A*02:01
NIFGTPEFV,HLA-A*02:01
QILDGVNYL,HLA-A*02:01
RLLYPDYQI,HLA-A*02:01
SIGVITYIL,HLA-A*02:01
TMHSLTIQM,HLA-A*02:01
VAANIVLTV,HLA-A*02:01
VLHHNVITL,HLA-A*02:01
WSIGVITYI,HLA-A*02:01
RTLAEIAKV,HLA-A*02:01
VTTDIQVKV,HLA-A*02:01
TLAARIKFL,HLA-A*02:01
WMHHNMDLV,HLA-A*02:01
ILAKFLHWL,HLA-A*02:01
QLLNSVLTL,HLA-A*02:01
LPSKPSSTL,HLA-A*02:01
LPSKPSSTL,HLA-B*07:02
SPRAAEPVQL,HLA-A*02:01
SPRAAEPVQL,HLA-B*07:02
FLAEHPNVTL,HLA-A*02:01
FLSEHPNVTL,HLA-A*02:01
SLAQYNPKL,HLA-A*02:01
VLLKARLVPA,HLA-A*02:01
VLLKARLVPA,HLA-B*08:01
YLNKEIEEA,HLA-A*02:01
FLFDGSPTY,HLA-A*02:01
FLFDGSPTY,HLA-B*15:01
NVIRDAVTY,HLA-A*01:01
NVIRDAVTY,HLA-A*02:01
NVIRDAVTY,HLA-B*15:01
NVIRDAVTY,HLA-B*27:05
SLFVSNHAY,HLA-A*02:01
SLFVSNHAY,HLA-B*15:01
GLIEKNIEL,HLA-A*02:01
GLLGTLVQL,HLA-A*02:01
GLYPGLIWL,HLA-A*02:01
AIYDHINEGV,HLA-A*02:01
ALAPAPVEV,HLA-A*02:01
GLLGQEGLVEI,HLA-A*02:01
ILLLSLNPV,HLA-A*02:01
LLMPTISLI,HLA-A*02:01
SLNPWPPCL,HLA-A*02:01
YVFTLLVPL,HLA-A*02:01
YVFTLLVSL,HLA-A*02:01
ALLRQLAEL,HLA-A*02:01
FLMSSWWPNL,HLA-A*02:01
KLCKVRKITV,HLA-A*02:01
LLLHCPSKTV,HLA-A*02:01
MLGNRLEAL,HLA-A*02:01
NLLDSLEQYI,HLA-A*02:01
SLLERGQQL,HLA-A*02:01
VLLEQMGSL,HLA-A*02:01
VLLRHSKNV,HLA-A*02:01
VLTSESMHV,HLA-A*02:01
VVPEDYWGV,HLA-A*02:01
WLDEVKQAL,HLA-A*02:01
AVQEFGLARFK,HLA-A*02:01
AVQEFGLARFK,HLA-A*03:01
AAANIIRTL,HLA-A*02:01
APLQRSQSL,HLA-A*02:01
APLQRSQSL,HLA-B*07:02
APLQRSQSL,HLA-B*08:01
DLDVKKMPL,HLA-A*02:01
IARNLTQQL,HLA-A*02:01
IARNLTQQL,HLA-B*07:02
ILDEKPVII,HLA-A*02:01
LTLGEFLKL,HLA-A*02:01
QLLDQVEQI,HLA-A*02:01
RPKSNIVL,HLA-A*02:01
RPKSNIVL,HLA-B*07:02
SASVQRADTSL,HLA-A*02:01
SASVQRADTSL,HLA-B*07:02
SILEDPPSI,HLA-A*02:01
TLGEFLKL,HLA-A*02:01
VRLGSLSTK,HLA-A*02:01
VRLGSLSTK,HLA-B*27:05
LLFGLALIEV,HLA-A*02:01
YPFKPPKV,HLA-A*02:01
ILDKKVEKV,HLA-A*02:01
IMDQVPFSV,HLA-A*02:01
ALSDHHIYL,HLA-A*02:01
ITDQVPFSV,HLA-A*01:01
ITDQVPFSV,HLA-A*02:01
IVTDFSVIK,HLA-A*01:01
IVTDFSVIK,HLA-A*02:01
IVTDFSVIK,HLA-A*03:01
IVTDFSVIK,HLA-A*24:02
IVTDFSVIK,HLA-B*27:05
ALWGFFPVL,HLA-A*02:01
ALWGFFPVL,HLA-B*40:02
AMLDLLKSV,HLA-A*02:01
LLDEPTNHL,HLA-A*02:01
LLLDVTPLSL,HLA-A*02:01
LLQDSVDFSL,HLA-A*02:01
LPQANRDTL,HLA-A*02:01
LPQANRDTL,HLA-B*07:02
MIMQGGFSV,HLA-A*02:01
TYLEKAIKI,HLA-A*02:01
TYLEKAIKI,HLA-A*24:02
AMLERQFTV,HLA-A*02:01
APNTGRANQQM,HLA-A*02:01
APNTGRANQQM,HLA-B*07:02
SPSLRILAI,HLA-A*02:01
SPSLRILAI,HLA-B*07:02
VLQNVAFSV,HLA-A*02:01
GRKPPLLKK,HLA-A*02:01
GRKPPLLKK,HLA-B*27:05
ATAGDGLIELRK,HLA-A*02:01
FLGPWPAAS,HLA-A*02:01
KIQEILTQV,HLA-A*02:01
ASFEAQGALANIAVDKA,HLA-A*01:01
ASFEAQGALANIAVDKA,HLA-A*02:01
ASFEAQGALANIAVDKA,HLA-A*24:02
ASFEAQGALANIAVDKA,HLA-B*07:02
ASFEAQGALANIAVDKA,HLA-B*27:05
ALFDIESKV,HLA-A*02:01
ALTPVVVTL,HLA-A*02:01
ATAGIIGVNR,HLA-A*02:01
LLWDYVYQL,HLA-A*02:01
SLLDSCTKL,HLA-A*02:01
NLVPMVATV,HLA-A*03:01
NLVPMVATV,HLA-A*24:02
NLVPMVATV,HLA-B*07:02
ALSGLAVRL,HLA-A*02:01
GLVGVNLTL,HLA-A*02:01
ILQAHLHSL,HLA-A*02:01
SYNEHWNYL,HLA-A*02:01
SYNEHWNYL,HLA-A*24:02
TLSGHSQEV,HLA-A*02:01
VYSLIKNKI,HLA-A*02:01
VYSLIKNKI,HLA-A*24:02
YPDTDVILM,HLA-A*02:01
CLGHNHKEV,HLA-A*02:01
KIADPICTFI,HLA-A*02:01
KMYAFTLESV,HLA-A*02:01
LLIDLTSFLL,HLA-A*02:01
SLTIQMESPV,HLA-A*02:01
VMIIVSSLAV,HLA-A*02:01
RAKFKQLL,HLA-A*02:01
RAKFKQLL,HLA-B*07:02
RAKFKQLL,HLA-B*08:01
KLVMSQANV,HLA-A*02:01
MPGEATETV,HLA-A*02:01
YLQKETSTL,HLA-A*02:01
KLSEMSVTL,HLA-A*02:01
RMFPNAPYL,HLA-A*02:01
RMFPNAPYL,HLA-A*24:02
DLILELLDL,HLA-A*02:01
FLLFIFKVA,HLA-A*02:01
KLQQKEEQL,HLA-A*02:01
KTVDLILEL,HLA-A*02:01
LLQEEEEEL,HLA-A*02:01
NLLEREFGA,HLA-A*02:01
VLRKEEEKL,HLA-A*02:01
RPKSNIVLL,HLA-A*01:01
RPKSNIVLL,HLA-A*02:01
RPKSNIVLL,HLA-A*03:01
RPKSNIVLL,HLA-B*07:02
RPKSNIVLL,HLA-B*15:01
RPKSNIVLL,HLA-B*27:05
RPKSNIVLL,HLA-B*58:01
RPPIFIRRL,HLA-A*01:01
RPPIFIRRL,HLA-A*02:01
RPPIFIRRL,HLA-A*03:01
RPPIFIRRL,HLA-B*07:02
RPPIFIRRL,HLA-B*15:01
RPPIFIRRL,HLA-B*27:05
RPPIFIRRL,HLA-B*58:01
RRYQKSTEL,HLA-A*01:01
RRYQKSTEL,HLA-A*02:01
RRYQKSTEL,HLA-A*03:01
RRYQKSTEL,HLA-A*24:02
RRYQKSTEL,HLA-B*27:05
RRYQKSTEL,HLA-B*39:01
RVYNNTARY,HLA-A*01:01
RVYNNTARY,HLA-A*02:01
RVYNNTARY,HLA-A*03:01
RVYNNTARY,HLA-A*26:01
RVYNNTARY,HLA-B*07:02
RVYNNTARY,HLA-B*15:01
RVYNNTARY,HLA-B*18:01
RVYNNTARY,HLA-B*27:05
RVYNNTARY,HLA-B*58:01
IMPGQEAGL,HLA-A*02:01
SLFPGKLEV,HLA-A*02:01
SLLMWITQV,HLA-A*02:01
SLQEEIAFL,HLA-A*02:01
ALAAALVV,HLA-A*02:01
ALAAFLGL,HLA-A*02:01
ALAGLSPV,HLA-A*02:01
ALIGGPPV,HLA-A*02:01
ALISKNPV,HLA-A*02:01
ALLGIPKV,HLA-A*02:01
ALVSIIKV,HLA-A*02:01
SLSEKTVLL,HLA-A*02:01
SLSRFSWGA,HLA-A*02:01
GLGPVAAV,HLA-A*02:01
GLLAIVKV,HLA-A*02:01
SLWGQPAEA,HLA-A*02:01
LLAAVAALL,HLA-A*02:01
LLAGPPGV,HLA-A*02:01
LLFPYILPPKA,HLA-A*02:01
LLGCPVPLGV,HLA-A*02:01
LLGPAPGV,HLA-A*02:01
LLLELAGVTHV,HLA-A*02:01
LLLPALAGA,HLA-A*02:01
LLLRSPAGV,HLA-A*02:01
LLSAVLPSV,HLA-A*02:01
LLWRKLLWHQV,HLA-A*02:01
SLLGLALLAV,HLA-A*02:01
SQFGGGSQY,HLA-A*01:01
SQFGGGSQY,HLA-A*02:01
SQFGGGSQY,HLA-A*03:01
SQFGGGSQY,HLA-B*07:02
SQFGGGSQY,HLA-B*15:01
SQFGGGSQY,HLA-B*27:05
SQFGGGSQY,HLA-B*58:01
MLYQHLLPL,HLA-A*02:01
KHGDVITII,HLA-A*02:01
SVYDFFVWL,HLA-A*02:01
TLEGFASPL,HLA-A*02:01
TLWVDPYEV,HLA-A*02:01
VADKFTEL,HLA-A*02:01
VMAPRTLIL,HLA-A*01:01
VMAPRTLIL,HLA-A*02:01
VMAPRTLIL,HLA-A*03:01
VMAPRTLIL,HLA-A*24:02
VMAPRTLIL,HLA-B*07:02
VMAPRTLIL,HLA-B*08:01
VMAPRTLIL,HLA-B*15:01
VMAPRTLIL,HLA-B*27:05
VMAPRTLIL,HLA-B*58:01
VMAPRTLVL,HLA-A*02:01
VMAPRTLVL,HLA-A*24:02
VMAPRTLVL,HLA-B*08:01
VMAPRTLVL,HLA-B*15:01
IIDDRNREL,HLA-A*02:01
TSIANLPKL,HLA-A*02:01
TSIANLPKL,HLA-B*58:01
YGIENEVFL,HLA-A*02:01
YLEPGPVTA,HLA-A*02:01
YLLKPVQRI,HLA-A*02:01
YLLPAIVHI,HLA-A*01:01
YLLPAIVHI,HLA-A*02:01
YLLPAIVHI,HLA-A*03:01
YLLPAIVHI,HLA-B*07:02
YMIDPSGVSY,HLA-A*02:01
YMIDPSGVSY,HLA-B*15:01
YMIDPSGVSY,HLA-B*27:05
YMIDPSGVSY,HLA-B*58:01
LLTTLSNRV,HLA-A*02:01
NLIKLAQKV,HLA-A*02:01
VLDTSVAYV,HLA-A*02:01
ALWGPDPAAAFV,HLA-A*02:01
MQLMPFGCLL,HLA-A*02:01
TQLMPFGCLL,HLA-A*02:01
VVLSWAPPV,HLA-A*02:01
TLSKPSPMPV,HLA-A*02:01
ILDKLNWDL,HLA-A*02:01
RTYWIIIEL,HLA-A*02:01
TLATIAWMV,HLA-A*02:01
GLAEDLAAL,HLA-A*02:01
GLAEDLAAL,HLA-B*40:02
AAAGFLFCV,HLA-A*02:01
ALLGIPLNV,HLA-A*02:01
ALLWLSCSI,HLA-A*02:01
AMSNLVPPV,HLA-A*02:01
AVADTLIGV,HLA-A*02:01
CLDQIPIFTV,HLA-A*02:01
FLFCVMVFA,HLA-A*02:01
FLFFSQIGSL,HLA-A*02:01
FLGEGHHRV,HLA-A*02:01
FLLQNPCPL,HLA-A*02:01
FLSGAVNRL,HLA-A*02:01
FTNHFLVEL,HLA-A*02:01
GLDEIDSAV,HLA-A*02:01
GLQANPVEV,HLA-A*02:01
GMMSCKIGL,HLA-A*02:01
ILAEHVHM,HLA-A*02:01
ILLGLAWLA,HLA-A*02:01
KIIKLFFRL,HLA-A*02:01
KLLEILAEHV,HLA-A*02:01
KLNWDLHTA,HLA-A*02:01
KMDQLAKEL,HLA-A*02:01
LLWLSCSIAL,HLA-A*02:01
MLMPVHFLL,HLA-A*02:01
QLIDCAQYFL,HLA-A*02:01
RLMDSSIYS,HLA-A*02:01
SLAAGVKLLEI,HLA-A*02:01
SLAAIWILL,HLA-A*02:01
SLEAGLPLQV,HLA-A*02:01
SLLEQAIAL,HLA-A*02:01
SLPLNSVYV,HLA-A*02:01
SVANALWIV,HLA-A*02:01
VALKLQVFL,HLA-A*02:01
VLPAAPSSV,HLA-A*02:01
VLSRNILLEL,HLA-A*02:01
VLYSEQVIEV,HLA-A*02:01
VMINPTPGI,HLA-A*02:01
WLSCSIALL,HLA-A*02:01
YLCNQDVAFL,HLA-A*02:01
YLQGQRLDNV,HLA-A*02:01
YMCTHRLLL,HLA-A*02:01
YMCTHRLLLL,HLA-A*02:01
VLMDKLVEL,HLA-A*02:01
YQMDIQQEL,HLA-A*02:01
RLARLALVL,HLA-A*02:01
