sequence,hydrophobicity,is_tmh
REQRKRNERDKDQRKRKKQDQRDRRRRREKRRRQRRKKND,-4.005,FALSE
KKKKKRRKRRDNRKQRRQRKEKNNRRRKKRRKHQKQRRKQ,-4.0075,FALSE
NENDKKQEEQHNQKNHKENENNKQKDEQQNRDHKDEEKDK,-3.5925,FALSE
KKEKDNKDNNHNNNQDKDRKNNKDKKKQDHNNNDRKKHED,-3.6475,FALSE
DHHEHKDDDEHHQDHNENNHDNENYHENQNDDHENEEEDH,-3.38,FALSE
ENQDEHRNNNQDEQEKRENEEDQQDENNHEDDKQDQKNSE,-3.4975,FALSE
YHENTQTKPQQHRHQPPHKQEYEHNHNYHHNNNDQDDYEE,-2.9825,FALSE
EEEEQGNYNQYKHHHHNDPDNNHPPPGKDPTKHENSGNNQ,-2.7675,FALSE
HDPGDYSEEWPSRHHYDTNHWEYPDSHPPDPHDTYHQHWT,-2.275,FALSE
ESHTYEDYPQENQPQTYPHWRPRYDYPTWSENYYYEQPPY,-2.2325,FALSE
YPWYTGPYWPSDYYPPPPYYTPPWHPTPPYKDPWPSWKPP,-1.565,FALSE
GYYPHEYPSYPPPNYPYPPPPSPPYDPWPYPYPYPRWNWP,-1.705,FALSE
TTWYYYPWYDPSWYPWWYTSTWSGYYWYGYYSWYYYYTTY,-1.1125,FALSE
SWNWTDYWYWYTHGGPYYWYTGSPPYYYWPTYGPYSYYSY,-1.2349999999999999,FALSE
SGWTTWPTYTWWGTYYSWTGTGWSWWGDTSTTTTTTTTSW,-0.8574999999999999,FALSE
STYPSTSTTSTYSSSTWSSSPGSSWSTWPGWSGTSSSSWW,-0.85,FALSE
GCSGYTWGGSSMWGGSTGGGSSGGSTGWGGGWGSSTGGSG,-0.47250000000000003,FALSE
TFWMGGGGGGFYGTTGGGGGGTYSSSWWTTGGYSTWGYTY,-0.445,FALSE
SGYGGWGGMMTGAGMAYAMMAGSTTTSGGCAWAPWTAGAT,0.2125,FALSE
GSTSAGGGTGAGMFWGTMTTSPTCGWWGGMMGWGAMYTTS,0.00249999999999998,FALSE
GWGAMWTMSAMGASAMFWMGAAATACCAGGMTSGWMTMGM,0.7274999999999999,TRUE
MPMSHMSAGYCMCFAAGTTGAMGATAAMFWSYWFGMCMTS,0.6625,TRUE
AAGPMAAMMAMACMYMAMMMTMAAAAAMACMDAMMMAMTW,1.3325,FALSE
GAAMAAMAMAYAMGCMMTAMCCAMMMACACGCCAMAYGMT,1.4525000000000001,TRUE
MMFAAAMAAAWTMAAMMAAMAMGMMMCAAAMAAAAMMCMM,1.7149999999999999,FALSE
CAMAAMMACCAAMMAMMMAMAAMCAAMMAAMAAMAMMFMM,1.94,FALSE
CFVMFAMAMMFFFFACALCMFACFFAAFMCMACMAACCIC,2.4050000000000002,FALSE
LAACFACMTFAACFMMCMMAVCMACAACMCACACACCCVM,2.23,FALSE
FFCCCVAFVFCCCFLAFCCCMFFFAMMFACFFCFFFAFMC,2.59,TRUE
FCCLCVCMFMFFCCAFFAFCCCMCLFFFFFFVFFFFCFCA,2.6875,TRUE
LVFILILLMLLLFICCFCFLIVVFLACFFCLLLFVCFCLF,3.335,TRUE
CMCFVLFLFFIFFMAFALVFLFCLCLFFAMLFLFVCLFIV,3.07,TRUE
LLCLVLLVCVAFLVLLLLILLLLLLCIILICLVLLVFLLL,3.7,TRUE
AILVIFLVVICLLLFLLVVVVLCLCFLCFLVLVLMLIILL,3.65,TRUE
VVFVVIIILILVVVIILIVIILVLVVVLVVVVLIVLVICI,4.1325,TRUE
VLIVVLLVLLIIVVIVVLVVVLIVVVIIIIVLVVIIVILI,4.2075000000000005,TRUE
