sequence,hydrophobicity
KKRRQRERRRKKRRREKNKNKDRRQRNKKNKRKRRRKRKK,-4.0649999999999995
RRRRDQRRHDDKNNRKRRKRKRKNRKRDRNNNRQRRDERN,-4.0024999999999995
ERRRRNRNKKEKKKDEQRKRHKKKRRRKRRERQRRRNKNE,-4.0024999999999995
RKRRRKKRRNNKNKKKRDHRNRRNQRDKRRRKHKNNRKKR,-4.005
RKERNDKRKRRRKRQDRRKRDQRDKHKQRQKRQRERRKKR,-4.0175
RRRKENKERKKKKREKRKRNRNRNRRKNEREKRNKDQRRR,-4.01
RDRRRKKRDRRHRRRKRDRDERNDRKKKRRRKRRKKNNKK,-4.0775
RRHKNKKNKRKKKKRDDRKRRKRERRERDDRKRRDKRNRD,-4.0125
RRKKERRKRHKHRRERRQKRKRREEREQKRREKEKRRKRK,-4.045
KKRKKRRNRRERRNERREKRRKRRQKKDRDKHNEQRRRDQ,-4.0075
KRERKKRKHRRRRRNQRRQRNKKRQQNRRQRRKRRNDHRQ,-4.029999999999999
RKRDRDRDRKRKDRRHEQRKRDQRRKERERKDNRRNRRKR,-4.0375
HKDRRNRRREKRRNEERRKKQQNRDHDRRKRRRKERQRRR,-4.0200000000000005
QKDRKENRRRKDRRRKKDKRRRKRNRDRDRERRQKKRNNK,-4.025
RRQDRRRRKRRRKKREKNKNKKQDRRNNKRKNREKNRQER,-4
RRERDRNRRNEKREERDRNKRKRRDRKKERRKKRDRKKNN,-4.015
ERRERKNRRRNRDDRRKEKKRHRKKRNRKKRRRRKKKNRE,-4.0525
EERRKEKRREQKERRHRKKEKKRHRRRRRERRKKKKRREQ,-4.0200000000000005
RRRNRKRKDRRRDKRRHRQHQKQRKKRRRHNRRRNDRQKH,-4.015
QKRRDEKRRKRRRRERKRKRNERQKKRNKQRQKKQNKRQR,-4.01
RNKRRKKRRERRHREHRRQRQRKRDNDKKRRRRKRRNKNN,-4.04
RENRRREQKNRRRRRNDRERERRKRRERQRQKRHKEEKQR,-4.0175
KDHRQRRRKDQNQKKKKNRRKQRKRRRNKRKDKRRRRDRQ,-4.0024999999999995
QRRRKRKRDRRNHKRRNNKEENEKKRKEKKRNRRRRRKRR,-4.0424999999999995
RRKQRRQKKDKNRKDRRHRRRHRRRKNNRRDRKNDKNRRD,-4.015
KRRDKRRKQKEQEKRRKKKQRRKDKKEDKRRERERRKKRR,-4.015
RRRRHRKRQRKRERKKKRRRREKRDEKNDKKREEEQRRNR,-4.032500000000001
ERNERRRQKKRRKRDRHREKHRNRRRKHNKDRKNRKKRKR,-4.0024999999999995
RRRRRRRERRRDHERKRRSKRRNQKRRNRRRREQRQERKD,-4.04
NREKRKQQRDEKKRRKRQDRRQNKEERRRRHDRRRRKRQR,-4.0125
QRNRKRREKRRKKKDRDQNRRNRRRRNDDRKKRQRKNKER,-4.015
RRRRKRNRRRREKRQREREDERRQERHRNHRRREENNKER,-4.015
DNRQRERNRRRRRRKRRERDRRRKRRQDQRKEDNKKRHNQ,-4.0175
KKRQRRNKRRRHRHNRHRRRNDKEKQRRRQRKRNHRRKKR,-4.025
RRRKRKNRQRRKKERQRKHRDKRERRERRDNKEEKDRKRK,-4.0175
KERKNKKRRKERRKDRNRRRDRRRQDRNRRKKRQREQRER,-4.055
RQHRRNRRQNNRKKKEDHRKRRRKRRKKRRRRDKHKREKQ,-4.0024999999999995
KRRKRQEERDRKRRRRQDERKHRRKRDRERNEKKHKKRRE,-4
RRRHRKDRDREKKDRKRHRQKRRQERDKKKQRRNRRKRRD,-4.025
REQKRRRKDRRQKRHRNHKKRERRRRKKRPEDRRRRHRRR,-4.025
KRDKHDRDRRDERRKQRRRQKERNKNHRKDRKRRKRERRK,-4
RRRRRKQRNKDKKQKRRHRRRRKDDKRKKHREKKRRKDKE,-4.015
RRRKENRHEKQKEKRRKRRKKEKQEKRRRREKKKDRRRRR,-4.0375
KRKRKNKKQRERRKNRRRRRREERDDNKRKDRREQKKKDR,-4.01
RKRHERKRRKRNKRERRKRKDENEKRRKERQRNKRKKHRR,-4.0200000000000005
NKRDRRRKKRNKRRRKKRNRDRNNKNRHRHQERQKERRKR,-4
QRHRRRKRKHKKKRKKKRRNEDRRKRDRRRRHKRKRDKRH,-4.04
KRRRRDNKQKEQDQRRRRDRNRKNRKERRRRRQKNHRRER,-4.0275
KQRRKKRRRKQRKKKRRRRRQQKENKRPDKRRRERRRKRK,-4.0475
HKRRRKKRRRERRRRRHKERRDRQKERDDHEKRKRRKEDR,-4.032500000000001
KRKKREKKKEHRNRRRNHRKKQRRERRRRNERRRKKRRKR,-4.07
RRNRRRDHRHNRNERKRQDKRRQEKRRDRRKRNRRKKDKN,-4.005
KRNQEEKNRRKRRRKRRKDRKNRRRRRRRDRRENNDQREH,-4.0275
KHNKKKRRKKKRRRRNRRRRRDDKRQQNRKRRKKRRQRED,-4.0525
KRREKRDDRNRRKRRRKKRKEERNRNKKKKRRNNRRNQNR,-4.025
DDHRRDNRNERKQRRRKKRDRKQKRRKEKRQKRRRRNRNK,-4.0075
QHEKRRREKRDRRQQERKRQEKKHDRKERRRRRRRREKRR,-4.029999999999999
RRKKKERRKRKRDKDRRKKRRKDRRREHRRKEEDKKRKRD,-4.0475
KRKRERQRKRRRKHNQQRKRRKKRRRDDRRDKKRKRNERR,-4.0675
KNKDKQERRRRRRRRRNRQRQRDQRKRRERQEKRRREEKE,-4.035
KRQKKERRRQEQRRQRDDNRRRDRRKDKDEQRRRRNKRRE,-4.01
QQRQHKQKKKRKDRRRRRNRKKKQRKRDNRRRQRRKNRKD,-4.0024999999999995
RRRNNEHKRKKRKRKDDQRRDRKRRKDNRERRKDKKERRR,-4.0175
RKNRKRRHRKRQRKRNRKDKKRRRDKRDRQQRQKRREREQ,-4.032500000000001
KRNRNRRKHRRDKKQERKKHRRKKRKKKRRKNKKKDRRRK,-4.0200000000000005
NDKRKRNKRRRDKRERDQERRRQRNKDRDQRRKRENQRRR,-4.01
KRQERKDKRQRKEKRKRRQRRHDRRDKNREKRRRRRKQNK,-4.0175
NRDHDNEEKRQKERRNKRNNDRRRRDRERRNRRRNRRRRK,-4.0075
NRRHRKQRKKQRRKDQRRDQNKQRRRKHQRRRRKRRRRHQ,-4.0225
KDKRRKKEQKKRDKRHRRKRRRKNRRERKRKKKKRKKQKE,-4.0125
RNRKQRKNRERKRRRRRRNQRKEERRQKNRKNKKNKRQKN,-4
NRRNRKRKRKQHEKRRRKRRRRQHKRNDREQNRRQRKNRR,-4.029999999999999
DEDKQRRRRRRRRKKNQKKKNHRNRNRQRDKKRQKKRRRR,-4.0175
KKQDRNRRDDRRRRKEKRQENDRQERRREERRKRNRNRRN,-4
RRDDKREQRKRQKRRRRQNKKKRRRQQNRRKDERREKRRR,-4.055
RRRDRRRRRRRQRRRHRRKKRKRERDKRDNDRQRKKKNRR,-4.1375
RQRNRRQREEQKNRKERREDRRKKRRRQERHKKREKKRRR,-4.0225
KKRQRQKRRQRKRRRQHRREKQRQRRQQKNRRQRRHRKDE,-4.005
RRKQKRRRRRKKQRDRERKNKKKERKKERRRDRKRQRDKK,-4.055
KRQEERRREDDHKKEKRREHRRRRKRRRREHRNRKRKKRN,-4.0075
RDQRRKRRKEKDNKKRRRDEHRRRNRKKNKRHRRRRKRKR,-4.0600000000000005
NRNDRKRRRRRKRKDNRNRKNEKNKEKNRRKRKKKKKKRK,-4
RDKRDRHRRKDRRHKKHKQRHRRKHKRRKDERKRRKRNRR,-4.0125
RDRNRRKHRRDRKRHRQNRQRDKKRKKRRRNRRRKHKKRQ,-4.0424999999999995
KKKKKKDNHRKRRRKDRKRRKRDNRKKRRRQKHEKRRKHR,-4.0024999999999995
DRRRRRRKHDNNKRKDREKRRNDKKRERRRRRRDRRQRKQ,-4.0625
ERRKNKRRKREKKRKDKRRKKQRRKKQRKRKQRNKRKNEK,-4.01
QRRRRKKPDERDDNRNRRRKRRRDKRRRKHRRRKERDRDR,-4.029999999999999
RKRRRRRRDKRKRRNRKKRRHNRERRNKQKRQDQDNHQRD,-4.005
KRKENREDQNERDKRRRRKDRKRKRKEKRRRRRDRNRRRR,-4.08
RKKEKRRRRDKNKRRKEQKEKDRKKRERKHRKERRRNHRR,-4.005
DKKKKRRKRRRDKRRRQRNEKERNDKQKRRDRRERRERKK,-4.035
HKDNRRKRRNRRKRHRRDQKRHKDRRRQRRKRQRNRRRKE,-4.0475
RDKKKRRRRRRRERKKRRRKDDNDDRRRRKEHDQRQEREK,-4.0225
NRNDRKQRERKREKKRKRKKRDRRNDRKNNRRKRDRERDK,-4
KRERRQNRRNRNKRRHNDRKHRDRRNRREEKRKRRKQQRK,-4.005
KRRREDDRRRERKRDKRKRNRKEKNRKRRQRQERRQNRNK,-4.029999999999999
RRRQDRDRKRRRRRENEKQKRKRRDERKRKKNKERERKNK,-4.025
KKDDKRRRKKDKRKQRRKRRDENDNRKRRRRRNNDQRRKR,-4.025
QDERRKKQDRRRKKKKQDRKKNKDRRQKRRRRKRRKRKER,-4.029999999999999
KHDKEEHQRENNRKDENQNKHDQHQDKKRDREDEEDNEND,-3.63
QEEQKQQKENNHERNHKKKDRDRKKRQDKNKHNKKHHQEN,-3.6725000000000003
QHRDNNKKNEKEDDDKDEKQKKDNKQKEQNDDDDDKNKQQ,-3.6275
DNEHDEHENENEQENKKHKDRDKKKNHHHKENHEHKNRND,-3.5700000000000003
DKKHNEKKKKQNQDQNKKHKEKHNEQQKKKRRQNERNENQ,-3.6825
EDREEKKHDQKKNDKNNQENRHRNNNNHQNKQDQRQRERE,-3.6875
NDKEEEHNEDHNKDDKQHNENKKKNKKQQNNKEDNKKEEQ,-3.5875
QNHQNNNKHHDNNNNQQHENDREQKQKNNKKHEKKNDHQN,-3.55
QHENRRKEQKKHNNQKNKEEEQKERHQNRNNHEKEKKNKD,-3.6700000000000004
EDNDNDQQHKKEHQNKKKDHDKRHDEKDDNQEHNRHDEEK,-3.585
ERREKNNNDRKKQQQDQNQENKQNNKNKNNEQHQDYDEHN,-3.565
ENEQKDQQNDNHDEQQKHQEEHNQDDQNDEDKDQEQNEQR,-3.5325
DQEHEREEQQDKDDNQDRDDDKDKNDKNKEHKQNKRQDKH,-3.6325000000000003
NNKQNEKHQQDDKRQDQKNNRKKQKEKNKKEEKQKEQRDR,-3.7125
ERKNKNKEKNNKHDKDDNENDQDEEKQENDNEKKHQNDRK,-3.6350000000000002
NKKHEKKREKNNHHNQKKHHREQKKENNRDKKRDEQKDQE,-3.6825
KHNRQEQDHKQEDEENEDHEKQNENKSNNQEKNEENRENK,-3.5200000000000005
DENKKHDQKQNEDDHEQNENKDNEQEEQDQRHNKNRDKKQ,-3.5975
QENDHQRNQNQEEDKNNHQRQEQQNHDDHEERENDHRHKR,-3.6
DKDEQQHHRKNQDQRKQQKDENNKNEDEEKKDNQKRKEKE,-3.66
DHENEREQKNHNNEKNERHDDDQKQNKNQEQKKKEDNKQH,-3.6
KEDNEKDQQDDEKDDDEHQDHQDNHKQEDKDKHHQKHKHE,-3.5275
NDRNERREDKEHEQEDHDDHQQENDNHKEEKNKRNNHEED,-3.6025
QKNHENDDRKDHNKKKKRKHDKDNEQQKHDDNKNKQQNKE,-3.6399999999999997
KKQDKNHEQKNNRKEEERKQKDERNQKDNKDQNQNNDRKE,-3.6925
NQQEKNEPDQKEKDNNDHRQDKKKRDRDEQHQEKHQNENN,-3.575
NNKHEDEHEEKKHREENEKDEDDKQKDQNNKDDEDEKKNE,-3.5925
KKHKHNKHDNENKKKDEEQNERQENNEHDHHEKDERQQHK,-3.5875
DENKEQQKERNRDEKKNQKNDNEQDEENNQQKQNDKNKNN,-3.63
NDDQRKENQNKEHHKEEKEDQNDEKQHHNKQDKKRNKEEH,-3.6025
KQHQHKQNNEENNNQKKKHDRPQKHQDHNDRQEREENQNE,-3.55
NRHKDKQDDKEDENEKHEQDQDNDKHNDEEREQEEKENNN,-3.5875
QKHKQQKQKHDNDRENKDEHNNNKENEHQNRDNHSKEHKQ,-3.5174999999999996
QDHNKKREKENKRENNDHDEPNEHDHEKKQHEDNDNHQKE,-3.5275
EDHHDQKNQDDKHNKRDKEKRKNKKKKDDQDDRKNNEEKD,-3.6725000000000003
RDDDEDDDDDKNNNDNQKEKKNENNKRDKEENKKHQKEQN,-3.6325000000000003
NNDRKEQHHKENDNEEENHKEDERDDRDKRDNKKHQRDDE,-3.655
KHEDEREQEDRKQKEDKEDHKKKEHNHKHQEHKEHKNQQH,-3.59
DNKQRHEEHDHNNEREQEEKENDQQNEKDNQKRDQKDKKN,-3.6225
HDENKKNENKQKEDDNNQDQKEQHNENQQREHKNEQKDHE,-3.565
WEQNQRKDHNDDKNRDHHRQKRNQNQHHEEKEKEDRQEHD,-3.565
ERNNHQKKENENHQEKHKQDQNKDKKDKQKQKQHQHNQKN,-3.5975
KDENKNEDNEQKHEKKKHDRERKNEEQEKHNDDENHKDQH,-3.6025
DQDDDEDEERNENKEKKQRRDEKKKKKRQQHKEQNKEQEK,-3.7024999999999997
KKKQRDEEKKNKKNNKHEDQDDEQRDDKQDDDKEDQQDQR,-3.6674999999999995
EKNKQEDERKEQHDQREHNKDNKENNKNRRKKQKDDQDEE,-3.675
NQHNKEEDKDDKNHKDKNHHKKDNNKQRKQREKQKNKKQN,-3.65
RQQHKQQNNKNDENHKNENKEQKNHDDKENNHDHNNHQQK,-3.55
KDDDQNHEHQQEDKRNNHREKEHHQEQHQEEQEKKQQKNE,-3.565
EDQHEKREKHEDKQNKQQENDKEKDKKHKKHEQNKKENND,-3.6149999999999998
KKHKQKKDRQDERKKQKQQHRDKEKHQDHHEDNQKDKQNR,-3.6825
KEKHNNDDQQEQEENKPQQKNKNEHKDERNHNERNEQNKQ,-3.55
QKKKEDEDNHKKHQEQNNKKQRERNHKKQNHKEQNKKDKR,-3.675
EKENQEKNENRPEQNQEKKNQKDKNDHKHDRQNKNDKKDD,-3.5875
KKKKDQNKHEQDQQQERNNENDKHRHNEREREDEQQNEQK,-3.6475
KKEDNKDKNPDENDHKRKNDQHDNNKQNRENEKNQQREKK,-3.6125
NKRDNQKHKQRNQERKQKHDQEENEHNKHQDNHDKDQNHK,-3.6100000000000003
KNEREENKKEQKDEKDQHDEEHNNKQNKDQDNDEKDDDDD,-3.59
QKNQQDEDKQQNKNHDEKKNDNDDQNEKNDKKNDNDQENQ,-3.5725000000000002
KKQNNNDRDDQDDDEEENREKDEDDNRKKDQEQQKEHQEN,-3.6275
EKNEEHEDQNKKNDKDKRQDQDKDKHEHKNQEKDHNDDHQ,-3.5774999999999997
DQKDNERDNNQKNKKDQDDHNQKDDDDQQKKEENNNDHKK,-3.6
QDDRNKDDDKKKHDEEEHRKDQEKKEQPHKHEQDQKQKDD,-3.5725000000000002
ENKNNHQDNKQQQEKEKDQDQKNHHQDEQEENQKHKKNDE,-3.55
RNDKNNNNHENRQEQDENKKNKDDNERQNHQKDDRKKDDR,-3.6799999999999997
KHRQKNKQHKRQERDHKEEKHKEKNQQDEHDRRNDNEHHN,-3.6525
EKDRKRHNQQKDQDEEEHQQHDQHDQHEKQHENDQQQRDE,-3.5700000000000003
ENKQDRDKKDQHENEDNDKDDNQQQDKKHERKKDKRHHNQ,-3.6350000000000002
DEKRQQDNHQDHEQDQKQQQDDHKNKNHQDKRDDEHRNRH,-3.6049999999999995
NHNEDKDNEDQKDHRHNHQEKDEERNQNEQHKKQHEKRKK,-3.6100000000000003
NNQQQNQNRDNKENHQDDKHKDDNHKEDQKKDDQKHKDQK,-3.585
RDKNKQDRKNEHHRHDREQKHKEDRDNDKRQNRKQDDKRD,-3.75
EQQNNDEKKDEDKKDNKEDEDDQNRQQQQERNKRKNQNKK,-3.665
DQQDDNNNKQNEDDQKKQHKDRHQKKRNDEENRNKNQRED,-3.655
KQHKDEEQKENDEKEQREDDEKRKNNKNEKEKDEEHDEHN,-3.6174999999999997
KHDNKQKHQKKQREKNDQQRNNNDNRHNNNDQHNHDEEDQ,-3.5975
KNENNKQQNDNQDNQRDEQNRKKDENKKKDKKQQQQEEEQ,-3.6399999999999997
DEEEEHRQQQQDNKQNNQKKKNKNDKEEKNHDKQNEDQRK,-3.625
QKNKDKQKKEKNRQKQKKDKQDEKDHKQEKRKNQQEHNEE,-3.675
KQHQDKKNNKDDENEQEEKQQQKHNNHKEERKNEKNEKKH,-3.6049999999999995
DDEKNEEKKKQKDEHEEPNNHDKKRNKDKNKKKQEEDENQ,-3.5825000000000005
NNKEQEDKNQHDDQKNQDEEDENENQQENEDHEREEEQRE,-3.565
HKNDNRKNQKRQQHNKKKNKNRDQKKEQDEQEHKNNDEDQ,-3.6525
QKRENNQNEDEKNQNEKQHKRERQEEKRHRHQHNEQNDNH,-3.6375
DHKKEQHDDRHENQDKKQQHKEDKENENQQHKDENEQQHK,-3.56
REEEQNDKDHKQKNHRQEERKQDEDQQQQQHKDREHQNDR,-3.6450000000000005
NKHDDDQKENNRKNNQKKEHDQNKNQDHEEQRKDKQKNEK,-3.6275
EQQDRKKKQKDQKHKQDQRNKHHREDRRDHNRKKEDHRKD,-3.7375
EDKEQEDQDNQENEQQDDQDDQENKHEKDNDERQQDDEER,-3.5725000000000002
EDQRHHQNYQDNKQEDKDQRKKKDDEQEEQKQKHEKKHNK,-3.565
DQKHQQEEEHDEKNHENNNNKNDDEEQEQKQEEQEEHNEN,-3.5100000000000002
NEQKDNNKDEKQQREHKDQKQDDEHDKHDRNNQQKENEED,-3.5975
NQNNDERDDQHKKKQDNEEHKNQKEKQQNREKQKQKDQKN,-3.6350000000000002
KNQENEQKDNKNEKDDEKEQKEEERQQRNKNKQDQEQKKH,-3.6424999999999996
NHNREEEQEEHENDKRQEDHKKKDDEDNNEQDDENNDNED,-3.5675
NKEKNEKNHNEEDQRQKDDDDQQDQQEDERQDEKDQDEEN,-3.5925
QQNDQQKKRKNNQKHENHPNEQEQKNKEEEKRQKEEQDER,-3.5925
NEKQRNQKKQQQKEDERDENSNEDHKEKEQQQREHQEQDK,-3.5625
QQKHQQQHKHKKRDQNQHHEQEKKNEDDNDQHQEDKKQRN,-3.585
DNNNDNKNEEKNKKNQHNKRNEKDEDDNDHDQRRKNRHQD,-3.6475
HHQQQDQKKKRQNEEHQHKHPKHEQDDPNRDQEHHNQHQH,-3.4299999999999997
DHKDDNQKKHEEHEHEHHPQDNNEEHENENHHQQHNEHQQ,-3.4
HQDQHHHEERDQKHQHKHQHEQHHHKENNDDHNHRNDENE,-3.4825000000000004
EHHKHHQQHDKNENHHHNHQNHEQEEKNNKPHNNQQKDHQ,-3.4125
QEQKHQHHHQQDDQEDHEQQRHDHDHKDDEHNEQDHKDEN,-3.4799999999999995
QRQDHEEDNHDRYEQNHEKHHQHHHHDKHHNDQKHHDHDK,-3.4299999999999997
QKHQEHEHEKQHDHHHEDNRQEQQHDHHQRHHKHHHHNDN,-3.46
QSHHHEQKNEDDPHQHEEHENDQDDDQNHDKHHHHQDHNQ,-3.315
HHEHQQQNDQQDDNWQHQHEDHEEQHNKDEHHHPQEHQHH,-3.3
HHDNDEDDRHHHEHEHDEHHKDHNQKDNQEDQQHDNHPHH,-3.3924999999999996
HNKDRKQQQDDQNDHHHQKRNKHKHQWQDNQDQNHEEKEE,-3.4924999999999997
QQRQHNQDEHQHHEKSQQNKEEHKHNQQHDQQQQNHEKDD,-3.4375
DDNNHKQPPDNEHNQNDQDQNKDEHNEQHHPQDEQQDKQE,-3.35
DNQNHKEDQDHDQHDDTNNNNDEQHEEEHQHEDHNQNNNH,-3.38
HDNPQHDEDKDQKEDNDHEDNNHEHDQPKENNQHDQENQN,-3.3899999999999997
HNHENQKEDEHNQHNNHQEHRHEHQNDHENHEDQYHNHQK,-3.4
NEHKQEEDKHQNKEHHEHKHKNRKPRHKYHNNQHDDQNPE,-3.4025
EKHNDNDHDEKDHDHQEDEHNHDEEREDEEDHQDDQDNDN,-3.4924999999999997
NHHHHNNNHDDHKNEEQQHNDHHNDHQEKDNDQQNQNDQQ,-3.4450000000000003
QDQYDHDEDNNEHHQDHYHQNHPNEDEHQQNNQKQRQEHK,-3.3274999999999997
QNHENDDHHQDDNNDPNDDDQNEHNDHHKHKKNKENHDKK,-3.4524999999999997
QQNDENQHHHHKQQDDHHNEEQDQQENHQHHEKHHEHEEH,-3.4225000000000003
QNEDHNNHHKNEDEENHNPDDPRHQDPNHQDHKHQPNEEE,-3.2950000000000004
KKQHKNQNEEQDKNHHNHKDEDHQQQKENDDEDDHDHHEE,-3.5
RQKKNHEDQEDNHENNQDEHDNQEHEQTQKHHHDDNHQHH,-3.41
HEPQHHNHKNKDHDDDDQQHNQHHNKERREHHNHKEDHHD,-3.4450000000000003
NNDKQHQEENRQNDEENKHKHEKHDPEEDQDQQSDYDNQK,-3.375
EEQEDEENENQEQNDEEEHDNKHNNQENHNHEQDHNHEDD,-3.465
DQEEDNHQDHDHHQHNHHDEQQEDEKEQDQEHDKNENNHN,-3.4524999999999997
EENHEHHHHHQENTQHHNHHHNHHDQENNRNNQNEDHKDD,-3.3600000000000003
EQHDHENEEQHHHQHHDDENDHREDEDQQNQHNEHHKEQE,-3.4524999999999997
QKQRQQKDHQHEDHEHHNQQHEEEDHYEWNHNDHHQDEHR,-3.3674999999999997
NHNDEEKKHDRKNQKDQQKDNEQQNHDPNHQHNKDNQHEE,-3.4924999999999997
HHNHDNKNDDQHHQNHENKQNKDQKHQNQQEDRQQPHQHN,-3.45
QDDHPQEQQEEEHPHDDHDKDHNNQEDHQQHNKQKKDDKN,-3.4025
DEDHHNDHEENQHNHEEQYNRQEDDDRHPRQKDPHHHEED,-3.3674999999999997
QKEKQNQNNQKHNNDQHHDQEQHQQRHHHHQHWPNEHWQN,-3.3024999999999998
NEHEEQHHHHNNRNDNDDEHDKHTEQKHDQHNQHSHKNQE,-3.335
KDQHQDNDEHQHPEHHDEEHQNQPHKQNDENQHEQEDRQH,-3.3825000000000003
QQQQDQWEEEDQQHENHEKHENNEDNHPHDNDDEDQHKKD,-3.3725
NNHQHDHENDNEQNEHHEEDNNENEQNHKHDNHDDNEHDQ,-3.4425
NDQEYEHHYQQKNDHDNHEEHKNEQEDDHPHHEDQNNQND,-3.3024999999999998
NEDEQDDQDRWKEQNNDEHQKHNHHNEDQNQNQEHDQEEN,-3.4425
EQRPENKKNDQQHQQRHNQKNQQDQNQEHHNEQPHNHDHK,-3.4425
QQQDSKQQNNKQENDPDDDYDNHDNNNQHDNNHQHNHQNE,-3.3125
HHHHQRNDHKYRNNDNNEHEEQEHQNEQDNKNDHHEDHQH,-3.4325
NQKHHNGDDQHQHDDEHDQHHHDQEEDHHNDHNKHQHHHH,-3.3225000000000002
DNDEQSNQHDRHRNNDNHHQEKNDQNQNRKEETNNENEHD,-3.4200000000000004
HQDDHENNHHEEQWENHKNQQEHNKQEQYEHQDNDNEEQY,-3.2924999999999995
DDNHDHNNKNHKKDHEQHNKKQNEQHEHEEHEHQKHQKHD,-3.4875
QNEHHHHENPEDNRNQDQEDKHHNYHKNHDEQDQNQDKND,-3.3924999999999996
DDHEKQHPQKHDHHQDNEQKHKHEHEDHQDQDRNHHEEEK,-3.4450000000000003
KHHHHDQHDQPDEQDHNQEENENHDDQPPNDEEEHEENDR,-3.3325000000000005
KEHQHHENKDEKDHNNDQNEQDKQQQHDNQQHNEQHHHEK,-3.4825000000000004
NHRNEHNQDNDQQNDHRKNHHHHHEHNHHKENDDEKQNDD,-3.4975
HKNNEHKDHQHKNHDQHQQDKQNHKDDDQRQHHNEHHQNE,-3.4924999999999997
KDDNHQDQNHDNENHDQDKHNQHQDERENDDHDQEEDEDH,-3.4924999999999997
RQDQHNHNENHEDEHNEHEDKNHNQDEDKEDQDEDDYHQE,-3.4375
KDDQNQDEENNHEHQQNHNHHNQHQRHHNENNEHEQKEHH,-3.4625
NNKDNQEDDQDNRHNNNNKNHQDHHHTNHQEEQQDKDDDE,-3.44
QQYEQDEDRQHEHEPNNNQHDQHHNHNHHHREKQHPKQHH,-3.3299999999999996
DEEQNHHHNDHHDQDDREKKHNQNNHQEWNEHHENEQQQQ,-3.4125
ENDDHNHKHENPDDDHEDRQNKHHEHDQHQHDHEHENRKH,-3.4425
NKNNEDEEDDQDHEQDRHEHHHYDNHENHEHHQHDENNKE,-3.415
QEQEENQHEEKNQNQNNNHDHREKDQNDQDQQQHKHRQEP,-3.495
HNDKHQNHNNHQKEEHDHQQEQQKEHHHNDQREQDENEQQ,-3.4875
REEDNHQDNNQDNHHDHDHQDQEPQQHEHDDNDENHDKHK,-3.4299999999999997
HEQNQNDKHDQHNDDQEEQYEEENHDENNENHEEDENKPD,-3.38
EHNNDQHHQNQQRHHNKNHDKHEHEEQNHDNKEEQHHHQQ,-3.465
EEHNEQHRDHKNHHQQQHHNRKNNEEWHQHKHQHHDNNQN,-3.425
QKNHNKDHPEDQKHHKHQHQEDHNRHQNYNRNEDHEEQHH,-3.405
QQNDKHENNNHNQQDNKNEEHKEKNEHSNKDQNQHNNKDH,-3.4475000000000002
DHEKDPNEDHHTEKNHHQEDKKDQPDEHEQDKQRYQNDHH,-3.2950000000000004
KNKHDDKENDHHEDDEQNHEEERYNHNDDHEDDHHQNQNQ,-3.44
DHHQQDNHQDDHNHNHNQNEHDKHQQRHNHQEKQNNKKQD,-3.4899999999999998
EEEDHHNEHEQHQDKHNEQHNNKHDNHDNHHPDQDRHDHE,-3.4075
KHEPEDNQHEEHNHNHEHHKQDDEDNHHDEREEQDHKHEE,-3.425
NQEQQQQNNHQKQNENHEDNNHQEKHQNNQNNDHNQQHDK,-3.4850000000000003
DDNDHEHEHEQYKEHQDENQSERKHNDDQHHNKEHHEHED,-3.3575000000000004
QDHHHNKDDKQNQRDQQEKHKSHDHDNDHEEDSNHHEHDH,-3.3475
HDNHHHEEDHEKENENNYHQEHQDDEQQEHKDKNQDEERN,-3.44
KDHQNQETKHQHHDDKHDHNRDHDNEHDEHHEEQDNHNEH,-3.3950000000000005
NQRHENDHHHEQEQHEDHHEHHEQDNHKDKQDDNHDNHKH,-3.4575000000000005
NHEHDKEQHHKNQNNNDHDHEEEEDQNEHQEKHHEQEHDN,-3.4549999999999996
HEQDHHNEQDEQNHHHDKPHKHDDDKNDNHHHHQHHNNEE,-3.3775
DDDHQKQEEEQNHHHHNEHDEKNHKHHDEHHHQNHSHDND,-3.3575000000000004
QNNDERQHQNNQDQNNNNDQKHKDQQEHRKEHHEPQQNDE,-3.495
EDHQEDYQHQNNHDQHKNHNENENDDENREEEHHNHENNH,-3.4125
DEEQHHDHEEQDKKEQQNENKNNPQENNHNHNHDHQDNHD,-3.4225000000000003
EKKDTKKRNNEEHHQQHHEDNRDENENEDHHHHDKEEKHE,-3.4725
DNEHHHHNEKDNQQHHHKDQDNNKKDRHNHHNHHQHHWHH,-3.38
NNDENDHNHEEDHHDQKHHDNQDHDDENRDQNQQENNNHN,-3.475
HNNNQQNDSSDDNHGENNHHQEHDNNDKNHNDENDEEKDE,-3.2625
QHHQHPPDQHDQHDNQDEQEYNKQHHNQQEDNQEEEQHDR,-3.325
HQHHQNKHEKNHKHHDHEDEYDKKHHNHRDQNENQHNDHD,-3.4225000000000003
NNHEWNEEEHEEKHDDENENNEHENHQNHHKDHQENQHED,-3.3875
QDKEENDEQEQEDQDHNHQNQNEHEQNEHDNQKHHDDNNH,-3.4675
DHHQHQDNPKKHENHHNDEDQRKNNNHHDKQQDHHHDEEE,-3.435
QRNQKQHEEQNDDEEQHGEPHQNHDYNNEHQKNKQDHHHH,-3.3075
DHHDHEPHQENHDHEENQQNNDDKHEHDHKEDDNEHHQED,-3.3899999999999997
RWHPPQNREHDHEEQEDYHHHHHNEPKKTHNQPEDHWDEY,-2.995
WHHHSKNNPGHQDNPDENEEHNHQEPQDQPHNNYDEHEQQ,-2.995
EWPKGHNGHHHNDNHTDYQDDDYQEDEDEHDNHDHNDPEE,-2.955
QSDEDHHKHRNENYHNDPHHDEHEHNHGHNHKWQQGNYTN,-2.9475000000000002
WKEHHNDENEHQHEQEHENKNQQHPNGQPHDHPEYTDYHD,-2.9875
HHPNNHHQEPHQHHGPNQEHDPQQNKHHEKYHYDHQDDSE,-2.9850000000000003
WNHNEYWHHPNHPHQDRNYPHQENNEPHKKQTDQQDQDKH,-2.995
DDHNDRPDKKHDTGNHSHNPHEPHPPKQNYPEDHHPHEYD,-2.83
DHWQHQQGNETKHHHNHNHNGHHHQPENQPPHHYHHDHQH,-2.9025000000000003
HYRNPSEEQHKHDHPEQSPNENDHWDHHEHDNDEQQTQYD,-2.9525
EHTDYNPDYKEHQYEQSHEEHAQHEYQEPHDEEEHPHHQN,-2.81
HNPTPEYDYQWEQHNNHPHDPEHKNNQHDPRHPHQDNKKQ,-2.9650000000000003
YPNPPEQENDEYHDEEEEDYQYQNQQNHDHHHYPHNENEN,-2.99
HEEHKKYPNQSDNDHQNQHDDEHPWYNQPNHNHHDWHKHH,-2.9975
NNKHDPEYYEHQQYDPHQHNEYYEQPKNENWEDKHYDHHE,-2.9400000000000004
HNEDHQTHHDWSSHHEYNQHHHHPNHEHHEKHPHYQQDEE,-2.9225000000000003
PHNQDNDHHENPHPEKTPQNRHNTPPNEHDEYEPQDEDEH,-2.955
EESHYHQPDHHQNRDQWPRSHHDHKHQYSPEEQYQEQHKD,-2.9275
PDHPDGNNEEEPEHEYTNPHPHKHDQQHNYNKDDDDNDNT,-2.91
HHDDDKESPQQNNEQQPHDDWHWPPEHHNDDSPHDQQKQG,-2.8875
YEEQNYSQHRHNHQYDSHYQQPQYDNPNEPHHWHQNEHEN,-2.8475
DDQNDHNQSEPHKDTDNQHQWPEHHHQSHDHNHDQYQHYH,-2.9525
HTHPEDNHNWQPNPQHDHHHHPDDNHEEPNDQQPHDHHPE,-2.9425
HHHSHPHQHYHDYEEQSPERDHYWESQHDNWQDKPHNDKE,-2.83
WQHPKGHHNHHDQHPHHWQKDHDHQHKQQPETENRDPDHN,-2.9975
YNDYNNEQQKQQKYNQPQEWYHKKGTHEPNHQHHNHPNQQ,-2.92
DPQPHHPDNHEHHWHQWHDQEEHEPDHNHPQDPEDHPNED,-2.955
HKDPGNNDHWHHNNHPQHPDHNEDQHRHPEHYPDEHQYHK,-2.9650000000000003
QPDQPEQRPKSTGGYWHHPPNQNNEQEHQHDHNNDHEEPQ,-2.7925
YPHPPHHHNYDKYNQPEDNEQHHGHPQQNHNYHSHHDHNQ,-2.8175
HQQQDQNNPNAPTPNNHNHSYQNDHHNNNQHKPYHQDDQH,-2.88
YPREDHNHHHEHKHDGPHQDHHKDDQPEHQETSENNDHPW,-2.9375
SPPHQPDEEEDHPYHHKHYHNPHNHHHHHHEQEEENEENQ,-2.9975
HNEREDPEDNPPEWKHKPDKDPHQEDPYKDNHHGHDDPHH,-2.975
HDYDHHSHHDHDHQNHHNHTGQPPHNSRQPKQKEHHKHHN,-2.9625
YNDGPQHEEHDHEYQSSYEKNEHNHQHNNHDHHQEHEHHE,-2.995
KYHHKQHPNWPQEHQDQDHHHNYWDPHHEQWWQKDDHPPH,-2.8400000000000003
HNNDQQDPHWRDHQHENNDNPDHNHYQHPYQTNDESPQNE,-2.9699999999999998
NEPDHQHDDHKRQHNPHHPYPNHEHTEHPHEEHHDYHEYE,-2.9650000000000003
THPQQYSRDDHNPHQDPNQEHPHNQKPDHDQEDHNYHNHD,-2.9825
EHHNEWQHHNSNEQDNHDPHKPDENPNEPYNDHNQPNQKY,-2.9875
EPNHEEDQHEDQDNQYGDPHDNTQEGPQQNHQNHDGNHEH,-2.9475000000000002
YPETQHPWEPHDHEENDQNNHEDHHNQPEQHPEQHEQETK,-2.9525
HHSSHHQNPTQHHDHHDENDPPEKHDYEDNNPEQHKDNPE,-2.9475000000000002
EQQWGGQQDREDEQHNHPTHHEEQNEYHYYPDHQRDEEDH,-2.9475000000000002
EQNHEHEEQDENGQHPHDDNPWQPNHNPEWSKNHDQHHED,-2.9850000000000003
NQDHHKYHNHNNPDDHQKHPQHPHDNKNHTHNPYHQHWPH,-2.95
HQRNQEPGTHDDNPEEHKHHHNHNWHNPDQNHQNPDPSHK,-2.9525
HQHHDDHHDHPDSEPSEYHENNEEPQHQNTRDNEPDNYEQ,-2.96
HEPHEHEKHQHNEHYHHKEDHNQHEDHEYQPQHPEWYQGH,-2.9725
MDHHDNQKHHEKKYNEHQDEQQHYPNPEETDQHHQHNWQE,-2.9875
KSYHNHKDNHEDPQEWESKEQYEHEWENENHHNPNNYKHQ,-2.9625
QWQHEHKKHYHNHNPESNHTTNNNQDHPENDQHQYNDHDE,-2.975
HQRHHEHNKYHHWDQNEHDEWNQPNHYHPYEWHEPQEDKN,-2.9675000000000002
DWYEKHPPHQWYHDHHKKNHEPDNHHYYPHEPRRHNSNQH,-2.8425000000000002
HQENHENWWWPQWHSEDDNQDEQPHQQDHHEDHNKQSPHK,-2.9225000000000003
EDHHQNTEHPQSHHYHHYHHQDQDNKWEKSEEHDWNHEQD,-2.945
ENEPQHHDDKHHKHTPHNNHDYYNEEHEWEEPHQHHHDEP,-2.995
PQHYYNWEEMYHHRNQEHHEDNPHEPDHYHEHPQHHHHEE,-2.8175
SDQTNNDYYPEDPHNNNTRKGEDEEHPQEEHHPEHDPQNN,-2.8649999999999998
EHNDYEGDHTEHNKEHHQQHYHYYDHHNHEHQEDQDNSDE,-2.9925
SKNHKQSDPEHNEENEEDHYQPDHYDHQHSEHDRPKDHYN,-2.9850000000000003
HRHPWSHHHEHYHDHQEPQEDDPNHDDEQHQKWYDYHNNH,-2.9400000000000004
SNPQNQNSNHKDSHGEHHNPPHKQDKDEHENPQQHQSDNH,-2.9325
YNYNQQEQHHHHDWDPNDHHHHYHEGNDNNSQDQEPNYKH,-2.91
YNGYPHWNPNERPHNKHHNNEHDHPGQNEEHKQPEEQNPQ,-2.8775000000000004
HHTNDHKDHDDHNNEHTYNNDWNDNKPQTSHNQNKMQQPD,-2.85
QHNPPEHYHDHKWHNEQQPTYNDDQPEHNHDHENQKPHQY,-2.915
KPYHENHQQDQHNQQTHHHHSHYEHQPKDDQHDQHEEYQW,-2.975
QPHNHNGQYQQHPYQPDPYHDSNSNNNETTDDEDPPHQHQ,-2.6525000000000003
KPQHKHKHSNHEQEEDDEPNQDYPPQDSNDYNYPYHHQEE,-2.8925
NWHYEPHKHNHQQNPWHKHHDHQPHPPYKQEDDDNDHEEP,-2.93
EEQRQQHKQQNGKNQDSYPHHYHYHRNYPDDKGDHPHKEN,-2.9524999999999997
QEQPYHPQENYDEWHEEQNQPSNKQHDDQHEDHSSDQDHN,-2.945
QYWDQHKDDHHQPQPDKHHHNQDHDHQNHYDHPHTHNQHT,-2.9650000000000003
QDSYDPGQQHWQQPYHDHQNHDHDHEPQNHHHHNQEHEQD,-2.955
PETQDQNHHNQEDDNHTNPNHHQHPNPEWQHRHQHEHWHQ,-2.9825
NHWKPPQHHDPHPKHHQDHNTPEWEENEHEDHPHNYHQHH,-2.8825
HHHHHYQHHHDHHQPEDHQHEQEQEPPEDHDNNGPPQPPH,-2.93
HHPPYEHRHGPQKQHHPHNEEDHEEEDHQPQNNEEHQPQP,-2.995
SQWHKPNDHQQNENPNEEEYPDDHERSHHHHENEDHPHYE,-2.9675000000000002
KHEEYNPQYNEQHPEEQHEHDHWHHKHDYQPQNDNHNWPP,-2.92
NNPESNQPNHKENHHYHHEDRHKYDHEPKQDHDWNQYYHH,-2.9850000000000003
NQHPQQEHQHHQHHDEQGWEPNEPHDPDHEHYNYEQHQDQ,-2.9825
EEHNGKHEHPDKGNHEYHHHKHHQQHDEEQTEQDNTKPSP,-2.9050000000000002
DPHQNNHHDDHDYDSHPEHPEYEHHERQHHHWHHPREPNH,-2.9650000000000003
KQKWHEKPHNPDPQQQDHHDQWQTKDHPNENYYRWDPDDE,-2.915
HPQEHQYHPKYEYHDKDHSEPQHEPHWDQHHQKNNHYHHD,-2.8975
HHHHQESHWEHQYNQNHHEQHDGNYQQNQEHQHQHYHQHW,-2.955
QEEHHSDQNEHYNQEYHPHHNHHPHGREEEHHEYEDHPQH,-2.975
NDHQRPQNEHHEKDQHQEYYNYYNPQQWHYHKHWHHNWRR,-2.9625
YHERNDPENPPHNSDENKQHHDQNHEQWNYHWDHNHQQDP,-2.9775
NHDDQQHNKPDQEHEWYNHEPNNQHPNHGQDNETQHENNP,-3
HQDHKPEEHKQEWHENYDSENQNHHNEQTPNHHPPHHKPN,-2.96
HHEENPEEPPWKYHKHHHQNKDNKHSTEQYENESPENKSS,-2.7925
HEYHEWYEHHHWHNDTRDHNNNHHDHHTWQDENHNNHEHN,-2.975
TKEQQYNPHEQHQHNDHNSQNNDSDEGNEQKQNQHNDPPH,-2.995
HHPDWHKNQREQPDYYPQEPEDSQHQPDPEPKQQNQNHHH,-2.9175
HPEDNEHQHDPYPQQKHEHHNQHHHQHGDYYHHQQDEPHH,-2.9725
YDQNQWQPNHPKPPHDQHQHTDQPKQHDPKPNHWNHPHSQ,-2.7675
WQPWHSESEYNHPPHPHYQRYHHSYQSYSESDPSDEEYHE,-2.3025
EDYHDNPQPTYPPHPEWEHPQPRPWSSYTDYYPPSDTYSH,-2.08
HPHPYHPPNPYYNPEYPPHPPHPPYPPPPHNDPQPWPSYT,-2.02
EPPWPYPDWPYHYENKDEHWWPNPPKWHHTHPNDHHHHPN,-2.4175
PEYPHWYHPHEPPKPEYTEYYNPNHRSPQNYKPGPQPKRY,-2.3625
WYEHSQPPYQDPWHESDNHSHHDPPYPNHHPPPPHDSNHH,-2.3850000000000002
DPYPEPNPPQKYPPPQQPHNDHSYPQYPPPQDPQWPHSYY,-2.245
QYYPPPSQDKYYWNKPNSHDNPYKNYHKQDPPNPSTPHPP,-2.3275
YGPSWYHYHDPPDRPWDSKHPYYSYQYPHHHDPHPYPGYD,-2.0725000000000002
HYDEYKQPEYEWNDEQTHYKGQDPQHDYPYTPPHPTDWPD,-2.41
ENEHTEPPYQPTPHPGEPPEQPSQYHNTTWPSNNNDYHQT,-2.25
DNPWSEKWHNSKYPPPKNYSNYDYEYEPKPQHTENPHYQN,-2.4524999999999997
EEHHEQSPYPYWWYPQEQWPWSQEPYWEPQPPKPQSEKQP,-2.2824999999999998
WQNPNHHQTWDQEQEPEPSNWEYYPKQPTNQDSHDTYYYR,-2.46
PPPNDNEYPDYYWQDTGPYPEHWKNEQPGPYNWDTTYNPQ,-2.185
HYYPHQYTQYYKPQYEYPKPPSPDYQYKPPWWPYPHTPPE,-2.05
YDPPSPNYQYEEHTSNPHHYPDEQPKNHDHQPYGHYNPNG,-2.395
PPHYTHNWSNDPWNYDPWPHEPPPNWPPDPEPPQYPNEYQ,-2.195
NTYQPKYHQHNPNQYYYHDDSHHSYQHYYWSHDDNGEGDW,-2.365
QPNPQYPPPNSYNPPWENHEEHPEHHNPYKYTPHWQPPHN,-2.4074999999999998
HHTWHNHRPDGKWWHYSQPGNPPPYPETPYWPWEHHSHDG,-2.0975
PWEHTEKYPEQHYQPPENGWQDHDYYPWQEHHEHEPPPPY,-2.42
QWPEHDPNKDNPNTPPYPPYWEWHYDWPYHYHPYPPKQSP,-2.1925
YYHPYDHYPHQTETHYPSPPDKHSEDHYEGHWPPYWQWSQ,-2.125
PQNTQYHYNPPWYPYEDYQPYHNEYENGHPNHWWHKPPPH,-2.31
PGPPQPTYEHWYHNHPENDGNYDPPEYYPTPWYYKNEHSH,-2.1675
PNYWPNWKWPHHPKPNHKTWPWYGGQSDHNHNQPPDHNKW,-2.3225000000000002
EHPQYETKPHQPPYPHWEPEYPDYNPYNGHHPHPSQHNYH,-2.365
YPPNPPNPSQDHPPSTPEPYPTDEENWYEKPPYPTHDYQP,-2.145
QPPDTQHQESPQEQQQPPHQNDPNTHYQPHQYNPPWPPPY,-2.4625
HKHQPQNPWWSEPPYYDDPKPPESYHSDPEDQHHNDTQNP,-2.4875
PRPPDTPSYNYNWYPPPDPPTPWQPEEPDPPQHPPEWNYQ,-2.1350000000000002
PPSHNDDWDTEPWPPHHHHSPWQPYYNTEHKPSYHPDPDP,-2.2325
PDGSPNSPYYNWYYPQDSHPNEHPSKSEPPWHDHWHEYWS,-2.075
PSYGPHDSPDNHQDTHPHHSDEYQPNPEQPKQGNPSNNSP,-2.3725
PEPRYSYDPWDYDHHDPYSNYDHPNYYNTPPSWYEDWQPP,-2.1675
TWPKKDPYGGKYETYHRPPYQDYYSYHDNQYPSQYPYYHH,-2.14
WDPPPTQNGYSHNPGDYPPYQEYHSEYNTPDESHPPYDKH,-2.16
TPQPYPHWKPSPPDYWQPNTHHYKQHPDNTYQYPPHHDYK,-2.2725
WYPPPNNSPPWYKSNPWPWPPWHHHPYHHYHPHEPEHDPS,-2.085
YEPYNDPYQYPQQYYEWQYHPPGHDPPHPEYKYPDYHPWH,-2.24
HWYTDHWPQQEQPNEYYTPHPDHSKPDWPNRPPDYSYNEW,-2.3150000000000004
EDPYENPEYWPPEHYHPQSWNNHYEDHEDPTPDDPPNPPP,-2.4125
PPHKWYTQPPPPQNEPQPRYYHNQHEEPNPQDYYDPSTPT,-2.325
DPHWEHPPPYNSTYYWEKHPYHGPYHQPYNQWPHHQKDQP,-2.3
SDWKQSPSPSGEQPPDPYDHGYDDPYWPQNDWYPQQDHPD,-2.2275
DYNRQKHPPYQNYPTHPPPRYNPYPWYNYQPGHPQHYDQP,-2.355
EHQYHNYPEHQPHPKNWQPSPPNDGKPKHPEHHWDPYWPE,-2.4975
PNPHNSPEQYDKYHKSPTPYPDPPHHWTPPQTHYPPEPKP,-2.1975000000000002
QTHPTYTQYNGEHPDTPYYTPPPPTESHTDPPHRYNDNPD,-2.1100000000000003
HPPGHESPYHHEYPNHNPWQSREPHNPHPDPPPWNPYHWW,-2.2575
QHPYPHKYNWDPHSNHNDSPHPDHDEHDTYDQYWPEYPSH,-2.4400000000000004
YPYPPPPPPYNPTQPPQTNNPQQDYYPNPPDYDTYPKWNP,-2.0900000000000003
HHNGQDQQHPTQPWSPHYHPPYQNPSHPSDSPQTSHGYPY,-2.1025
PDHHKTPYPQPHPPHHPNNTPQWTYHYHHKQKDHSWPHHY,-2.3925
HEPPHPHPYPQDEPTTKPYTHKYPWQQQRQDPHPHYHYPP,-2.3725
WSPPQNWPTPKYDTWPEPHPYPPQHQPQGDYNPHPKEGQS,-2.1375
PPSPTENEQPKSHNWNHNHQHDEPYPPKSPPHNHQYPYYP,-2.395
QQPHREKYPPPYTDPPDPYNYYYHPQKDPEPNWHYPHNHH,-2.4575
EHYSPSYRPPWPDRDPPHYWTHSHDPKHHDYWDSKRPPNP,-2.32
NHDTPSPPNWPGPSRYPPYEDYPNNHPPDSNKNPWYWHHQ,-2.2175000000000002
PDDPKNHHPKPQRWPQSWENETHPPKPQWPKHPQYPSDWW,-2.4275
KYNPDYNPPPSWPEEPQQYRTPKPSTDHYNPKEHEYNHYP,-2.3875
YPPQHPSPTYNPWPNYPYYPNYYDHQETHDPYWPWGHQSH,-2
PYEQQPWHNHHSPQYYETPYDHWPSPSPWTPPNYHKPPET,-2.0675
QPEYQNPHPKQWPYNTHYKYEKYDPEWEQPPPQNTPPTKN,-2.435
YSGPEPNYHHPPRWWPTEEEPPHSPQHWTQEREHPHPNKE,-2.3825
HQWQNTDDPPYPNSEPPHYHDEYPEPPPSQQPDPEPPYTD,-2.3
RTPQQPTQPQHYYWEHPPHPTHPSPHKGYWYEKHHDYPDN,-2.305
YNPDYTNWQQKPPPSDPYYKDPHYHEEWWPQTPHDWPPWS,-2.1475
EPPDPPYPNQHDPDKPHWPPQDPPPTPGPQPDYYPRPYEH,-2.2725
WNYPQYRDHPEHYWPKNYPNPQPDYSGYPRHWNDEYDSPH,-2.3575
YDPYYYQWWHYNYHPHYNPNPESTPHPPQEEWPEYSYPKE,-2.1574999999999998
QTPDPPPKPHPNESPYPGPGQGHPQYQEPQQEPQQDPHPP,-2.295
PPQPSQWHSWPPYENSSGHYYEPHRDPHDGPQPPSQEYPG,-2.0525
QHDYSPPPPHYEEHWPPWPWPQWQPDDHSQQHYPHHEDDY,-2.3575
PYPSPHPHTQPPKYHYHYYPHHNPYQNHWHQPPPPNPPWP,-2.14
KYTSPEQHKKHPPKYPPEPYQYTPHWQEYDQPPTEQHWPW,-2.2875
YYWPSPQWEWWPKWPPNPDSPQHPPEYHYQDYYPEDPHRP,-2.1525000000000003
HPTPTWDPPSYSWNPNTQPQDHHNTQTDQHDPYHSYPPKN,-2.1975000000000002
PNQHYSYPKPWQYENHYDREYQNHDTAQPEPDNTPTSWHD,-2.3375
PPHPYPNYGPHPEPPTPPHESQTPYDDPDPSPWWHEEYQH,-2.0949999999999998
NYHPNYDYHYPKSQQHQDDHPTYPSGTKDYYWEPEPQYPD,-2.3
HSPDPYDENTEDPNWPETWWSHHPYDHTQDYYPSHSYKWW,-2.1075
PRNGYPPNHPENYTKKQYPYPPDDPPQYDDQPQHDPPPWD,-2.425
PPHPHYHEPSKPEPPEQDHYPHHNEHSGWYEWEHPNHHTP,-2.3825
YPHPNPKDYESPGYHPWHHWNYPRYTTPHYWPQPKHPQTP,-2.0975
QNYYYHHYDHPNYYPSPPWKNTSHYGNHPHQPYTWWPSQD,-2.0775
EPGHPWNKHDYHHQYTPTHHKSPWKSEESDYSEYYPGRPY,-2.2
YQHDDDYYTYHHHPYYDWPPDYEYPDPWQEEQEPPWEDWN,-2.3675
PPYQSPPPDPNYKHKNPYSHEDYYHQPDNSPHWYTNHPQY,-2.285
KESDDTPWGPEPPDWQYPDHPNPHPDDQPTSPHRPHSPPP,-2.2350000000000003
YYPPDPHHNSWQPRNQYYHNSPDYPWPYPYNYNPETSHHH,-2.21
PHPNKSNHHPHQPPYYDPTPNQPEYDTRPDYYDYPPWPQP,-2.285
NHHEPYYSWQYPYHPPWSYEDESEWEGGNKSPSGWHWDQE,-2.0725000000000002
PPHHQNSQSQDNPKQEHYNYWYQTHDNPPYSTWEPGEPPH,-2.3225000000000002
WHYHWDHHGQSNTGWHTDQHDHDQQDPYYPGTPEPSQSPT,-2.1350000000000002
HDWQHYDPHWYPRPPGPSDQHPYNDDWPTNPWHTYEPPWY,-2.1275000000000004
PKTSPYDQHPHRQRPQNHHPYTHPSYEGHWHPDEPYHPQP,-2.3875
NSSYEHDHHDPHWYDWDPPQPGPHPGENYPYHPWPWSHSD,-2.115
PPPPPTYWYPYPYYYPGPPDPTPPPQPPPPTWNDGPPTWP,-1.5425
YPYTPPSPPNPYWPPSPPPPGYPDRTWSTYSPHPPWTPPP,-1.5175
PSYPPPWPYPPPPYSPPYPPYENPPYPYPPPPYYSYYPPY,-1.5275
PYSPYYPWDDPYYYNPSYPYPHYTSYPPEPPPEPPGPPYP,-1.6650000000000003
PYYDPSWHPPYYTPPPPWPYYGNHYTSPTSPPSQPTPHYP,-1.5675000000000001
WTWWTEPWEPYYPYPPSTPPPPYYSYSSPYPGPPTHEPDP,-1.5075
PQPPWPPPPYSRYPSNSDYQEYNWYYYPPPRDPSSPSQPW,-1.9
SHSDWPSRPPPPWPHGPPPYPYSYHDPYYTSPTYSYPPPP,-1.605
HDPYWTSWGWPYYPPYYWHSPEQYNYSPWQWQPPQPKYPW,-1.775
YPWYDQPPPPWSPPTPNPPTYPWPPPPPPPPWYPWPEWPW,-1.5725000000000002
YPPPYSPEPPYYPTWHPKPPWWWWDGHPGYPYYYYPTYPD,-1.5925
PWSQYYEPKYSHPNSPWPPWYPHTPGGYHPWPYGYYPPSY,-1.59
PHSYTYHWYPSPPPPPPNSTGSDSTYYTYPHSGPKYPPYP,-1.525
QWHSPPSPPPHHPWSPSPPPTPGHPPPWYYYPPPSGPPTS,-1.5075
HYWPWPPYWYPPTYPHPPSYPTEPYWPPWWYDNPYPPPHN,-1.6800000000000002
PSTPPPQNWYHPSWWDPDPSPYPPYSPWYPPPSPPPPNPP,-1.655
SPTPYPPYPPPYWYTQNYQPPYWYPPYNPYWWPYQPPTTY,-1.575
PPPYPGYPYPSPWPPPPQHPPYPWYYGYPTWYPEPPPPYY,-1.5050000000000001
PPPPSKPPDNYPYYPPYPSWPPPYPPYPPWYPGHPYYNPP,-1.6675
PWYPPYSYSTSPPPPPDPYNPYPPHPPQYWTDPPPPHYYW,-1.6525000000000003
TQYYPPPPWYHTPPDYQHYYSPPTPYPYDPYYSPPSYPWW,-1.6075
YYPPYPPPPYWPYKPYGETPPWYYPYSTPYETSWNGHPYT,-1.5150000000000001
WYEPPHPWPYWPPYPPPYPTSYEPYTPYTPGDPTSKPSHP,-1.5950000000000002
YPSYPPYYYTEHTPGNPPHPYNGPTYYNDPWYPYWYTPPS,-1.61
PPPYPWEPPYDSPWHPPYPPPPYHPYPTQSYYHPPSPYPP,-1.685
PSGYQPPTHPPYPSPQPPPPYHPPYTPYYYPPPTYPSPPW,-1.54
SPPPSYPWHPPPPPPSYPWPPPEWSPPYPPPYPESPPYPH,-1.5850000000000002
KPWYPDRHEPSPPPPSPPPYSGPPPPPYSPSPPPNYYHPW,-1.75
YPTPYTHPWYYYPRYWYPPPYPWNPPPPPHGWYDPPWPPP,-1.6175000000000002
YPGPPYYSYYPPPPPTDNYPPPTYYYYDPPWYPNPPWPYY,-1.5625
SPYNSSHPPYSPPYWKYPEQGPPNWTWPPSPGSPEYPTYP,-1.6125
YWSKPSPYSPDEHPEWPYDPTPWWYYHHYPPTGPDPPPTY,-1.735
WYPPWPYWSKSSPTTTPYWHYGYYYYPYPEYSPPTHQYPD,-1.5275
WYPPPWWNDYYKPYPPTPPPYPKYPPSPPPEPGYDTPWWP,-1.67
PDHPSPYWPSYPDYWEWPYTYTQPPPYHPPPGYPPPWSPT,-1.59
PNYWPSPPYPYYSESEYWYESYYYSPSPPHPPPHYSWWYP,-1.5775000000000001
YPPNDPPYDTPHHSPYWYTPSPTTDYTSKPWPPPWSYWPH,-1.6600000000000001
YTPYDWPPPNPYYDHYPSPYSYPYPPTPPPSSQPPYHPYP,-1.6525000000000003
WHKSESPWPDNWPPNSPYYYWPWPPYTTYPYPPPPSPTGP,-1.5775000000000001
WSWYSYEPSPPYPYPWPPPSYWPPQTYTHYPYEPPDWYPW,-1.5325000000000002
PYWYGEYSPPPPYPYSPPPTYSPPPHPQPHWYPYPYPYPY,-1.5450000000000002
PPTYPWPSTGWYPQPYYTPPGPPYYPWPHPYPYPYTPPKE,-1.5025
EPHYWPPYSPYYEHPPSPPEYEPYPPYYPEHPPPHSYPQY,-1.8925
PPDWTSTPWHWSWYPYTYQYWPPWYPWPYNWYTPPPEYHY,-1.5325000000000002
YPPYYYPPSPPTQPYPYWYQYPPPYPWPPKPWTHYPGPYP,-1.5625
YYPYPYPYPSPPQPWPNPPDYWPPETSPPWYPPSSWPPYP,-1.5575
PPTPSPYYGGGPYEPPPWHPPPNPPPYPYYTYPYHPTYPY,-1.5050000000000001
PYHYTPPPPYWPYWPSDPTYYPTPYTPPQPPSNYPPSYPP,-1.53
YPPPDPWPYTHYPWSPSTWGQHYTYPWNYNWWYPYTPYDP,-1.585
YPYYPYPYWPRPPPPPPTPPYPPYPSPPDAPPTWSPPQNP,-1.5575
YPEPPPKYPQTPPPWSPPTYWTWPPPGYPDWWPWYYPYPP,-1.525
PHWYSPYYQPYPPPDWPPPPPYSYGWDEGPWYSPHPWPPS,-1.59
YSPPTGPGYEPYPPYYWRHYYYPNYPYYYYWWPPYYRPWS,-1.575
WPPTYWYHYPSWYYPPPYPPPDYHPYPPSWGDPPPPPYWY,-1.52
YPPSNSPPPPPWEYHPPPSHPWWWYYPPYYWPYEWYYTPS,-1.5475
TYYYHYGPTPPHYSTPHPPEPYPYPPPWTSPPPYPYDYPE,-1.61
PSYPPPPSPPPPWPHPQYQSYYWPQWTPPTNPTYPYPPYP,-1.5975000000000001
RPPSPPHYPHPPSYPWSGGYYYDQPPGPDYGYWPYYSPWY,-1.5675000000000001
YWPWPPPKWYHPWPPPPWQEPPWGYPYYQPYSGPPPPWPP,-1.5925
PYSSPPPPPHDYYPEYWQPWPPGPPPYPTHYPPYPYPPWP,-1.6175000000000002
TYPHSWTWYPPWWHYPHPEPPHDSPGHWYPPPPHPSGWWP,-1.6175000000000002
SSWWPYYYPPPQPPYPYYPDYWPWHPPHQYSPYSPWTPPP,-1.565
YPPGHNTPPSYYPPYPWYPEPPPWSPPGWNPSYYYPWNYP,-1.55
RDPPYTPYYPYPNYPPYYPTYWYSPPPYYWQTYTYYPSHP,-1.585
PPPSSKRPPTPPWPSPWYWTPPWPPPGGPPPDEPPTPYSP,-1.5325000000000002
YNYYPHYTTPHYPPQGPGPYHPPWWPYTPPYYHTQPYDSY,-1.6625
YPYPDTTYPPYYYNQPPSYPGWPYKYEWPPWYWNEWPPYW,-1.6600000000000001
PYYWWPSWPHPYPYWRPPSPYHPSPEPSPYPPPQWPRTPP,-1.685
TPSYPTHPHDTPPQYGPGYPTYPHSPQSYYPSPPYHPPQP,-1.6675
ESWYPYGPPRYPHHPYHTPWPWTPPPPPYWDPPWKSYWPT,-1.6575
PPWYGPKYPYWWPEPPYPYPDQSYPPWPYPNPQTPWYWPQ,-1.705
EDYPPESPPPNPQPYPPPPPWYDPYYPWPPPYPDSYPPYS,-1.7775000000000003
YPPYTPPYPPPYPHNPYYYWPWPQPPWPSYPPYSYYPYPY,-1.5225000000000002
PYYSYYEPWPPTPPPPPYYPHDTQPPWTTYWPENPPPYGG,-1.5950000000000002
TPPPPPYYDKPPSWHPTPPPPDSKKPWYPSHPYPPPSPWW,-1.7225000000000001
WPSEPTPYYYYEEPPWHPWPSPYYYPSSSTQPTPEYYPPP,-1.59
YTYWPYKEHPPYQPPSPYPPPQHPTSWYPPPPYWTSPPWP,-1.6300000000000001
YGSWYPWQQWPNPTWPYHHPPWPHWGWPTYPSPYPPPYPY,-1.5425
PPTPENTPPSYPYGGPPNWWYPPPGPEPYPPPPDGDYPPP,-1.6275000000000002
PSPYYPYSYPWTYNYSYYPYNPTEYTPHTYYPPPGWPESP,-1.5050000000000001
PPWPPPPSPPYPSPPHHDGPTYYYYYWPYGWPDYPTSHPP,-1.5375
WPPYPYTPPPTWPPWPHPRYSSHPPWPPWHQQYPYYPSSS,-1.61
YPSDPPWPYPPPYTYETHPWHYTTSPSPYSKTSPTPPPPY,-1.51
PHPHEPPYPPWPWTTYPPPSWPPSPPSSHTYYWTGYDQPP,-1.5550000000000002
PPPPSPNYPPYPYYTGQPPHWWWYTPWPSRYPHSPSYYYP,-1.5550000000000002
HPPPDSHWWPPPWPYPPTPTYYPWHPPPPWPPWYYYPTYP,-1.5225000000000002
YPYPPPYYYPPPPYPPYPQPPWSSSPPHPPYPPYGPWKYY,-1.5375
WPSTPPPPPSHSWWPYYYYPPHYYPKHPWYQPPWDPPPPD,-1.6975000000000002
STPPYHTPPPQWPPPPHDYGPSPPPSKPPWEGPYPWPPWW,-1.605
YPPPPPQPEESSHGTYPWTYHPPYNTPSYYYEHSYPGSPP,-1.6525000000000003
TTWPHQKWPPNTWPWKYPPYHYWYDPNYYPPYQPPPYPWH,-1.8400000000000003
TGYYYTSYDPHYYEYPNSYYPPPPSPPGYDPQYPYPPYYP,-1.6075
HYPKPDTPEPPGPTPSPYSPYDPPYPSYYYKPPEPYYSYW,-1.6975000000000002
PPTYPSPGYGNPPWYYYYPPPPQPYPTRGYYPPTYYPDKP,-1.5950000000000002
WPTNHYPPWPWYWSTTYTPYPGGWPKPSETDPGPWDPYYH,-1.535
NYYYYYPWWYYPGSYPPPPTWPYKPSPTKYPHWYYPYYEP,-1.56
PYHHPYKTPTHYSPPDPPWYTWYYYYPPYTPPTWPYPWYS,-1.52
QPPPSYPYWPTPWYPSPGPWPPDQPYYPYYYWPYWPGPPN,-1.5125
PPPYPYWYYYPWPWYPPTYPTYSDEPYPNPSYYSTPPNPT,-1.5050000000000001
YPPTYYPPKPSPPYGYPPSYPPYHPPPYYWPQDKPPHEPW,-1.7425000000000002
SYWPYWYTYWSYYTPYTWYYSSYWSTYWWSWSYYTPYPYS,-1.075
PYYYWYYTSYYQSYYYPGWPSPYTWWSYSYYPYYWYSSWS,-1.1800000000000002
PYGYYWPKYPYYTWPSSWYTYYGWTPPPPGYWWPYPSSSG,-1.1825
YTWWSSWYKSYTPWYPSWYYTWTTSSYWTYPPYTDYWYTS,-1.1625
HDWYTPPSYYYWWTYYTWWWYSSYPTTSPGWPSYTPSYWW,-1.1700000000000002
WYSWWYTGHPYTPSYTWSWTSYSTYSWWPYYGYYPYSYYS,-1.0875
YTPSWYYWYYYPSSYYGYTDPDPYSPTYTSSGSYPYSSTY,-1.2025000000000001
WGHGYPDYYYPYYYPYSYWYYYSSWTWSWSYYWSYSPPPY,-1.24
YWPWWWTPPGPPWYPSWTYPYTWYPTYTPPSPSTSWWSPY,-1.125
WDSWWPYPYTYPGYWWWYWPWWYPYWWSPHPGWPYWPYWY,-1.245
WPPWYWPPWPSYSSYYPWSYGWTSTSYYPYYSPGSSWYYY,-1.1025
GTWPHTPYWWYYWTYNTWTYYYWPYSSTSTGTWYWYPYWT,-1.125
WWPGYYPPYYTSGGWWYWYWTNPSYYSYYSYWYGSPPWYP,-1.145
SSTYSYYSYWPYWWTPPHTWYTGGYYYWTPGTYTYTYTWP,-1.0725
PYYPGPWSWSWYYPTWYWWPYYSYWSSSYGWSYPWYSYTY,-1.08
PPPGYWYTWWSSTSYTYYSWPPSGSTYPYSWTPSYYYSWS,-1.0474999999999999
PYYTYPWPTWWPWPPYYSGPTPGPWDPDYGYWYPGSYTEG,-1.29
WSGYYYYWYPPPYYGYWYYTWPSYWSYWSYPTSWYGYGTP,-1.0775000000000001
PTYYYYYGTYYHYPPPPWWWWTYYYPSYEPYPPTWSYYYP,-1.32
YPWWYTYPYYQSSPYTTYYTWPTWGSTPTPSYYTYYSTYY,-1.1400000000000001
WGSYYTGSYGYWWGGPTTTWWTSGWTWYRYYTSGTPYPKP,-1.0775000000000001
SWWYYYYSYYWPWGSPWPYWYYSYWGSPTYYGYYYPSPYY,-1.1175000000000002
PYYTPYGSWWSWYWYYWYGWYWYYWWTYSYPYPPPTPTYW,-1.1099999999999999
HKPWSYYSPPTYYWSYSYRSSYSSWYTYYTTSYPPYGYTG,-1.2675
YYYWSYWWYWWWYYPTTYYYYSYYGWNWEYGWPPYWSYTG,-1.1825
PYGPPWWPYGTWTPPPYWYTDPSYSYYYYWSWYWGWCYPY,-1.0975
TWTYYYWPWYGSSPWWPPYSYSGYYSYYTTSPTTYGPWWW,-1.0325000000000002
GWTSYYWYWWSPWYYYWYQYSTYYWYWPTETWYYWWSTYY,-1.1675
STYTNSYPYYTSTYWPTYPSSDWWYWGWYPSWTWWWYTWY,-1.1375
TYTYGYTGYGYTPYPYGSPYWWGYPWTPYYSWSPGSYPTY,-1.0375
YYSTPYWYPTGWYYPSSYYYWYYYWYPPYYSSPPYTWYTP,-1.165
YTSPPPSTPPSTYWPWWYWYKPWWSSSTYWYSGSYKWWTG,-1.1724999999999999
YTWPTHWYYTPYSWSSTSYSSYYGPTSPYTSGPTPWYKYW,-1.1575000000000002
WYTYYWYYSGTWPPPYYYWPWYGHYYSWTPWYYPWGWYYY,-1.165
WPYYWTYSYPWSWTYYWWPYYYTYWWKYPWTYYGSPSSYT,-1.1525
PPSYWSWWPTWYWSWSPWPYYTPPPGSTYWYYTSPPSSSS,-1.0875
YYWTPTWSPSWTWTYSTWSSTPYSSPGSYWSWPWWPPSTW,-1
PWQPWYYPWGSWWTYSEWYWTPPTYYWWWEYGTYTPYPSG,-1.2375
GWYTWYTYYPWYPYYTWSYYYSSTSWYPSPYPGWTTPWYS,-1.065
PYPYPGPPGGTYYTGYSPYPPYYYSSPSYYPSYWYTSTTP,-1.1325
TTYYWTYTSYWWYWYSWSGYYYPHWYWPYPWYSWPDYSGT,-1.16
YYWSSSTPTWWTPGYWPGWYYGYYTPTTYNWYHSYGWTWY,-1.1075000000000002
YGYWYYWYTYYPYYYPWWYGPSPETYTPNWYYWPYWPSSW,-1.2550000000000001
YYSYYYGSWYYTWYYWSWSYWYYYYPPYWNSYSWWPTYWY,-1.16
TWTTTTSTWYSWPYWSTNPWYWWGYSWTWSPYTPPYYPPW,-1.0875
SYYGYYWSWPPYYSWGSYWSYSYPSTYYYPYSWYYYTWWG,-1.0625
TPYPWTSYWSHPPGSPWYYWYYYYPTWTPGTDGWTPPTYY,-1.2
TGYYYYGSSHYPTYYTWTPWPYSPYWYYWWPYYWWYWPSY,-1.1575000000000002
PPTYWSSSYWWYTTYWYSSPYSSPYYSTGSYPPYPYYNSY,-1.16
WTWSPYGGWYYAYYPWWGSYPYSWPYWPWPSPTYYPTSPP,-1.0425
YTPWWPSPPPWTTGYKYGWPWYYTWYTWSYTPYYTTYYPS,-1.1525
STYWHYYYYSYTYWYPYWWYYYSTSPSYPYYYWYYYPSYY,-1.2075
THWSYWWWYQSYPSGYYSSPSYWSYTPGSYWYTTYGWSWY,-1.105
SWGGYSYYYYPYTYPYSSYPTPYQWPPGYWSPPYWPWNTS,-1.24
TYTPWYSPYSWNWYYPPPTSTSYGPWWSSWTPTYSGSSPW,-1.0975
WWYWYPYPTPYWYPSYTPWPPSYYWSYYPPYTPPYPPGSP,-1.2275
TWWSTYSTPYSGPWWPPDTYWYGWYTYSGYSTPWYGGSSP,-1.04
YYWYYSPSYTWWYWYYWSTGWPSPYYTWPWYYYTTSSYPW,-1.075
PWYGYPYYYPGPYYSTYWSYGYWYWPPWPYYSGWWWWPWP,-1.125
PTSGSPYWWSWGPTYHYSPYYGYPSWYYPYHGYYPYGPYG,-1.1875
PYYYTYYTPYYPSGTPPYPYWTYWYPWYYYTPYYSSWWWW,-1.155
GGPDTYYTYSSTYTYTTWWYWYYSWPTSSYWPYSPSSWPG,-1.06
WSTYWSYYPTSYTPPTTYWPYSYWPPGTSYYSPTWSYGWY,-1.0550000000000002
YTTWYPQSYSPYGSYYPPYPYWWPWYPTYGWTWASGGWWT,-1.035
PTPSYWHSYWPPPYTYPYTPTTTYWNPWWWPYYYGPTYYY,-1.2650000000000001
SYYPYYYTPTPSSGWWSYPPTWYSSPGPGPWSQGWGGYYP,-1.105
YYYSEPTPPWWNYYYYPYPTGPPWYYTPSYWTHTWWSDPT,-1.37
WPYPWSDPYGYPPWYYTSYPTYPPWDTTWYYPPPQWYPSW,-1.365
YYTTYYYYSGKPGTSSGWWWWTTYTSSGGYWPPPWSPYPY,-1.0725
SYGWGGTYGSWPPWTYYTYGTWDSWPYSWPYTWTWYGWTP,-1.0125
YGYYPTSYGWYWWSSYSNYTSWTDTWYYPYGPTYPPGYSW,-1.1475
YWTPTYYSTGWYYTYWYSWPPPWSYSSYTYWYGYPWWSWY,-1.0525
YSTYYPGWSYYPYGGPWSYWPYYTSSYYYYWYPPSYSYPS,-1.115
WTTYYSSPYYYWSYYGWYSSTYGWWYYHSPYPYYWPPYSS,-1.135
YPWSYWGWTPDSSSTYSTPPWTPPYPYYSGTPWYPPAYYW,-1.0975
PSWWYWPYSPHTYSYYPPSWYPQTPYPPPTWYPTYSYYPY,-1.32
WYWYYPTYYSSSGYTPPYYYPPSTYTPSPYPSSGGYYYYP,-1.1325
YTPYTSWTPTYYWYYWPATYSWPYYPWPSPSYTWTNWWWS,-1.0725
YYYYPPYGYWYYSPYYTYTPSYWSYYYYWPWYYTYTYWYG,-1.145
PGWYPYGEYTYYYYYPSYWHYWTYSWSSWYPSPWWPYPMP,-1.175
YWSWTTGWYYPYSYPTTWYSPPWYYYYGWPYSSHYPTPWS,-1.135
YTPYSYYSYPWTYTPHYPYWSPYSSYPDPGWWTYYWPYSP,-1.2625
WGPTGDYYPPYYYYGGPWWYWWSWYYWWYYYYSYWPSSYG,-1.125
YPPPHYKGYTYSTYWYWWSSKPYTYSTTTSYYSYSWPWTG,-1.2275
STTYYYSSSGPYYSYGYWYYSWWYSPEWYYYSYPYGPSYS,-1.1225
SSWWPEPYYYTWYYDSPYGTYYPYPGTYSGYWYPYSPPTP,-1.2475
YPYYYGSYPSPSGPYWYYSYSDWSTGSYYYGYSWSTTYWP,-1.105
SGPYYSSYYYWTSYQGYYSPWPWYWYYPYWYWSYWWYWYP,-1.1675
PSSWPYYPTYYGPWWWWYYPGSTWWTPPPTGYTWSYSYWP,-1.0725
YPYTYWPPTYTYGTSTYYGYYPHSYTYWPHYGTSYPTWPS,-1.1800000000000002
PSGWWWYSYSYPYTYYTPTYYYSSYPSYWGWYTYGTWYST,-1.025
TWWWTTSYYNWYYYYYPWWSYPTPWTYPSWYYYGWYYGYS,-1.125
YPYTPYPYSYTYGYSSPGTSTYWSWPTYGPTYWTWPYSYP,-1.0725
PYYYTSYYWYYYYTGGWSWWYPWTSGTYYYGPPWTTYTPW,-1.035
YYSWTYSYWYYPYWYWHYPYPGGGKYYYYYYTSHTWPGGG,-1.2225
YGWYYPWSWSYWYYPYWWGYGPYGWPWWYYWYPWSSWPYW,-1.075
TYPYTGQWWYYYTPWPSGSPYSTPYSGGTYPSWPPYPWSW,-1.1225
SSTWNGGSPEWYTPWGPYYPPWPPWYGWWYGTSWPYWYYP,-1.1800000000000002
GGYYYTPPSYWSTYYYYYYPSTYTYPPYYGWTGYGPYSYW,-1.0775000000000001
PYTYTYPSSWWWSTSYWYSPSWPSTYPSTSPYWWTDWGYY,-1.0950000000000002
PWTWTTWYSTTTTSTTTWTGGSTTWTWWTSSYYSPGTWTS,-0.825
WPWTSSGPWTSSSWSGTPWGSGWTGYWTTYSWSWWSHSWS,-0.9075000000000001
WGTGSSSTSPSWPSGYTSTWTWGTPTYSTTSSTWWSPWGY,-0.86
YTTSTTTWSWSSTTSTSPTYTTSTSSSSTSTTTSTTTTYW,-0.8150000000000001
PSWWGWWSTSTTWYYTSSSSWSSTTSWSTSWSWWSSSWWT,-0.8450000000000001
STYGSSPTTPSWWWWTWGTWPYSWSGWTGSPWSYWTWGTG,-0.865
PSSWGTSSSYSSTPWWGTGGWSWSYSPSWGSWWGTTGSTT,-0.8175000000000001
GTTSGSGGSGTSGWWGYSYTSWSTGWSWSWGTTWGWYYWT,-0.7525000000000001
SSTGTWYTSWTTSSYSGPWGTPSSYYTTSGSSTPSTSSYW,-0.8675
TTTPWSWHWGSSYWSWTSSTWYTTHTYSWGSWSTYSGYYS,-0.9825000000000002
GWGSTWMWYWGTSSWPWSGTSSTWWSYSYWWWWWTYGSYS,-0.785
WWTTGYYWWWSSTPWSGTSTPGSWSSSTWSTSGPYTTWST,-0.8550000000000001
SGYTGYWSWTGTSWGWTWWGSWSSSSSTWSSYSYGGTYYS,-0.8099999999999999
GTSGWSTWTTTWSGTWTSPWTSSTTGSYSGWGSWTSWWSW,-0.77
TPWWSGWGGGGPWWPWSSGTTGQSTGSYSWGTTYTGPPSS,-0.8925000000000001
TTWGASWSWTPGWYTTTWSSHPTTSGSWTTSTSSTPSYGS,-0.825
WGWTTPTTSTYPWYYSTSWTWGWSTWSGTTTWSTYWSTSW,-0.8525
TTWWWWPTGTSWTWGWYSTYYPGTGPTYTTGGTTWTTSYT,-0.845
TYSWTSYWSSWTYHTYGWTGWGGSWGTSTYSWGGWWTWWT,-0.8574999999999999
TWTSYGWPYSGTYWTSPTTWGWSSTTYSWTTSSWWSSGPT,-0.8625
TWTGSTTSSTYTWWYTSYWTYSWYTYWWTSWWTWSWSSWT,-0.865
TGSTSSTWSPGTTTWSSPYSSYGGTSTTTWTWTPSSWGWY,-0.8324999999999999
TSSSGWDSWGSHSGTSSTWPPYGTWTSTTSWSSPGGSSPT,-0.9525
WTWWWSWGTWTTWWWSSTGSSYTSPWGETTPSWSTTYGWY,-0.9099999999999999
WSTSGWWSSSTTWTTWSWSYTWSTGTTWTTGPSWTWTYSP,-0.8275
PSWGWWTSGSDYTYGGWTTSSYSPPWTTGWYSSSTTSWTW,-0.925
YYPTWTTTWSTGYGGTGYTWSTTSSGYGTSTTGSSSTGSP,-0.7975000000000001
WWSSSTTPTTTPTTWTYGSGGYYSGSSGSYSSTTTPGGSG,-0.8099999999999999
TWYWTSGSTGTSWWWTYGWATSTSSWWSWTYTYTTYTWSS,-0.7625
TTTWYTWTYTWTYWPTWTPSGTWSGSTGWYWGGSYGPYWW,-0.8724999999999999
WSTYWATGTSWPTWSSGTYSSTSTPTGTWYGTSYTTTGGG,-0.735
GWWTSGSSYWWWSGSTTPGSYTYTTWSSWGGGGGSPPTWG,-0.8
GWTSTGTYTPWSGTSGGTYWYWTWTGGTPTGGYWTTWSSG,-0.7775000000000001
WSTWSGWTWYTWTYSWWTWPGPSTTGTSSYTSSPYGSYSS,-0.8800000000000001
SYGWTSTWSGPTGGWYPPTYGTGTPTWWSTGPSTSWTTYT,-0.865
GWSGTTTGSGSTGTSSPWWSYYTPSGYTSWWTWSWSSTWG,-0.805
PWSSGWPTTWTTTGTPGSGTPPYPTYGTPSSTTTWSYYSQ,-0.9875
GTSSWSSTWTGYPGTYYYSGYWSWWTGYPWSSWWSTYPPY,-0.9349999999999999
TYSTTSTWSSWWYPSYSTYTSWGSGWWTSTWTTGSWGTWG,-0.8150000000000001
STTSYSSTTTSSSTGSWWSSGSTWWSWTTTGWGSSSGWTT,-0.75
GTWWTGWGGWGYSGTYWSWTWWYTSYSSTTSGGTSTPTPW,-0.8074999999999999
SGTTYTWGTYSWTSGSTTTWGWTPSSSGYGYTTWSSGWSW,-0.79
TYTSGSTGTGGSWTTWSSTYPYWSSTSWTSWTPASSYWYG,-0.7775000000000001
YYYSTTSTTGSWWYWGTWYGYPYYSSSTTSGWSYSYSYGW,-0.905
GGWWWGSTSWSSSYTTGPTTWTYWWSWYSSTGWYTGWPSP,-0.8550000000000001
TSSYWTTWWTWSTSWGYTWTSTWWTSWYTGTPSWSSTPWS,-0.8550000000000001
SGSTTGTSGYYWTWTWWSTSTSWTWWWSTGTSHSTQYWWG,-0.9125
SWSSSGWSSWWTYGSGTSWPWWDSWGYTGTYTWGGTTSTT,-0.8550000000000001
TTWYYSWGWTSGYSWPTSTSGPSTSTSTWWSGGYSWSYTS,-0.8474999999999999
STYTGTSTGSTPTTWSSSPGSYYGWWSWYYSPSSWSGYTT,-0.875
GSYSGPGSGTSSGGTYTTGPGGSTTTTSYWTTWGYSSWYS,-0.785
GWTTTTTTYWGSGSWPTSGTTSYSWTWTGTSWGSTWTWTT,-0.765
SSWSSYWSGSWYASSGSWWSWSTSWGYTTSWGSWYPGSSW,-0.7725000000000001
SPYSTTTTPWGWWWTWGWTSGWPSWSSGYWGPGGSGSSST,-0.8300000000000001
TYGWTWTWSWWTPWPSWGSTTGWSTTWTWTYWSWGTWTPT,-0.845
PWWTGWSWTYTGGTTTTTQYSTTGGWTGWWGTGWGTWPGT,-0.82
SPSYTGGSSWPGTTGSSSTHSWGTTSTSSWSWSSTTWGSW,-0.8450000000000001
TTYWWGTWTSGWTSGSNPPSSTWTPWTWPWYYSGWWSWTS,-0.95
YYYYWWTTTSTPYWSTWGGSSSSWTWYYSTWTTTSTTSTS,-0.8724999999999999
SWTWWWTWSTTYWGYSTSPYYTSSWWGWTTSGWSTWSSSG,-0.835
YTYTQWYYGYGTWTWSGGWWWTTTTWYGTNGTGWGYSGTT,-0.9225
TTPPGTWTSWGSWYTSSGGWGTWTSGYSTSWSSWGSWWST,-0.795
GSTWWYWTGWSTTPYSTTSFGSPYSSWPTSTGGWWWCGWG,-0.6575
YWWSWWTTTGSTSSYSGGGSWSGTGWMGSWPTSTYSYWSG,-0.725
GWTTPAWGWSTTTPGTTTTTTPTWGTTTSWPYTWTGGWSP,-0.7625
SGSWTGWGTWSSYGWWSPSTGSWWWTWYSWYPWWGPPSYW,-0.8925000000000001
WYSWPWSWYYSTWYWSPWSWSWTGTSGGYWWYWGGGSSTW,-0.8775000000000001
SWTTSGGWTSTPSGGYGTSGWGYWTSSGTTSTTSSWWSSY,-0.7675
WWYTWTTPWSTSWTTASSGYGYTWSWSPSWGSTSSGSTWS,-0.7725000000000001
SSGPWWGSSYGHTTWWWTGSTYSSWTSPYGSGGTYWGSSS,-0.8724999999999999
SWWTGWPSWSTGWSTSPGSGWWSTSSSSSTTYPSWSYTWS,-0.85
PSTWSWWTPTSGGTTPWWSTSSGTSWTTSSGSSWWTSYSW,-0.8300000000000001
WSGSSSGYYSWTGTSSKWWTSYTTWSSTGSSYTTSYWGSW,-0.8875
GPSTTGSWPWTWSSWWTTWSSWSSSGYSSTTSSGWGWYSS,-0.8200000000000001
TSTTSWTYWTSSTGGTWTSGYWTTPSTWGYSTWTTSWSTG,-0.7875
YSPSGPTGWTWWSTWWSTWYWWTSTTSSSTTYWTGSWSWW,-0.8525
SWWSTTSYWSWTSYSTSSWWSSYTTSWYSSPTSTGSYTTP,-0.885
WSPTGWSWPYYTWTGTSSWSTSTSWWPSGTGSSWSYGSGT,-0.8375
TTWTGHWGSTTGSTSYYSTWSSSTGTTYWYYSSTTGGSSY,-0.8550000000000001
YYGGDGTGWTGGSTGYWWSGTSPTGWWWGGSGYGWWTTPT,-0.8275
TTGWGTPTWYSSTTSPSSTTSWWWYSWSSTPTWTSTWYWS,-0.8699999999999999
WTWGTTWTSGWPTTSSTTSYTSPTPTSWSPWGTTSWSTWG,-0.8375
WTTYWWWPWSGGTSGTYWMWWWSTPTTTWTTWTWSTTSPW,-0.7875
SSTSGWTSYTWTGWSDYTSWTWSSYWTWTWWPSSWWWSSW,-0.9175000000000001
GSSSGWSWPYYGYSSWSGWWTTGWSSWWGTSTPTWTWTGW,-0.8175000000000001
GSGSSGSTWWWGGTTPSGSSSTPWWTTSSPGGSGTYPSTW,-0.7975000000000001
STSTSWWWSTWTYSWTTTSTWTGTWSSTSTTGYTTSGSGT,-0.7625
WPSGTSWGSYSWWGSYWWWTGPGTSTWWWSSPYWGTSTWW,-0.8550000000000001
GGTSSTPGSWSTTTGTYSPSSSWGTYYTWGSYWTSWTYSS,-0.8300000000000001
TSYYYSSSTWSSGTSTWTTSTWWGWWYWGYSTTGGSTSTP,-0.8225
SSWTWWPTSWTGYYGTYSWTSYWGWTYSWYWGWSSWWPWY,-0.905
TWWPTWWSGWWWPTSGTTTGGWWSGGTWWSGSTPSGTTTS,-0.78
STYPGGTTSSTYDSWSWWGGYSTSPTGSPSSYYWWWTGGT,-0.915
GWTWSWTTGGTTYGWSMSYYGGGSWPWWTSPTYYTGYGTT,-0.75
TTGGSTYSTPGWTWTYWGWTSTSSTTSYSGSSTYSWSYSP,-0.8375
SWTTPSSWTYWGGGSSTWTGSGTWTWTGGWWSTSGSTWTT,-0.745
STPPYGTGYYYGSTTTPWPSYSSWGWYSYTSSGSWSGGPY,-0.925
SWPWTWWSSTTGSSSGSTSWGTWTTPSTSWWYGTSWSWYT,-0.825
STGSWSSSWTYTTTPYGWTTYSWGSSSTYTYPGWWSGYWT,-0.8574999999999999
WTGGSPYSSSGSTWSTTGSWTSSYGGWWTSTWAWNWGTPS,-0.7975000000000001
GSGYTGGGSGTGWCGGGGGAGTTWPGTGAYTTPTWYGSTT,-0.4875
TTYGGWYGTMGWSGGGTTGSGYCWWTSCGTTGGGWSGGTW,-0.44750000000000006
GTGAGSSGGYGMYSGSWGGTGGMSSGGGGWGWTGYPGGGW,-0.4600000000000001
GSTAAGWSGGYTGYWGGGGSYTGGGGTSTTGGGSTWAGGP,-0.47250000000000003
WTSGIWYGGGYTGWTTTTGTGGSSSGSCGTTGTTGPTGGW,-0.47000000000000003
GWGATGGSMTYGSGSTGTGASGTTSGGTGGSGTWWWSWPW,-0.49000000000000005
GWWSGATSTTWGGGTGSWASGSGWGGWAYTTWGGGGSWTG,-0.47000000000000003
GGGSWGGGTSGGGGGSGTSGTTWGTCWSGGWPSGTTGAGT,-0.47250000000000003
CTGTPSGGGGGWGGGWWGGTWTGMGAGTGAGYTYGTWWTC,-0.3075
GYSGTGGCWGGWTSGSSGYWTMTGSGSTGGSYTSGSMSWG,-0.475
WSGYMGVSWGYGSMGGGTSSTTSSGWGWGWGSGTWGTTST,-0.4325
GSSGGTSGFSGGTGPTGSTTGATWCGSWTSSGGPGSSGGT,-0.4375
WSTSGWGGGGGGGSGSGGWGWGTGGGWGGTMWWGTTSSMS,-0.48
GTYWSGSSGFGWGGGCGTYTGWGTGSGWTGWSGGATWTST,-0.4325
TGGMTWGSSTTTGSGTWSGYGGGGGSGGTGSGGTLWGWSG,-0.44000000000000006
WGGWGTGGGGPGTTGTSMYGGGGTGPTTATWGTWSGTGSM,-0.46749999999999997
STGMAGTWTMWGSAGGSYGPGGTGTGSTWTPTGTGGSPGG,-0.4425
GTTGWSGGSGWTSGWGTGTGMSGWTGYGGSAWSWWGGWGA,-0.4600000000000001
WGSFGTSGGTTTAWYSSGGGSSWSGGSGTGGGGSTGGYTS,-0.5
GTSSGGSWWGGSGGMGGTGGFWPSGSSSGSGTGTTSTGGW,-0.4875
GSSWGYTGGSGGGCTSGSGGGWSGGYWGTGGGSGMTWGTG,-0.47250000000000003
GWTTTGTWGTGWWWGTGATTSAGSGPGGWGGTTGGSGGGG,-0.5
TTTGGWTGGGSSWSGTGGWGSVSWGGWGGCGTWSPGGPGG,-0.4525
GSWTFTYGWYTGGGGWTTSSGSGSGTSSGGWGTMGSGSGG,-0.5
GEGGTTTATGSWSWGTWGMGWSGSGGSTWGTGGGTTTSAA,-0.4525
GTTGWGGTGMSTSCGWTTPGGGGTTGCGPTSGTTSGGGGG,-0.40499999999999997
GWGWSGGTTGTMTGSWSTGGSYGGGTTTGSWWSTATSTTA,-0.47750000000000004
SATSYWGCGSGGWSYTTTGSGWGATTYGGGGSGGGGSTGS,-0.45499999999999996
QSGGTYGTGWSGGGTTTGGGWGGFGGGGSGGSGMGTGGGS,-0.48250000000000004
WGSGFGGGGGWGGWGMTTGYWSWSWSPGGPGPGMTMGTSG,-0.41500000000000004
PSMTYTPGSGGCTWGYTYSTTGAGTGGGTGPSGGWFPGSS,-0.46749999999999997
TSGSYGAGAYFWTSGTSTTSGGTPTTGGGGTTGGSSWGGG,-0.45499999999999996
TGPGSGWGTTYMGSTSTTAGGGYGGGGTGSTTTGGGSGGG,-0.5
FGGGWMGGWGTTGPTGWTTTGGGTGGTTGGWGGGGTTTSS,-0.4525
GYGTGGSWPAWGTTTTGGGSTGSYYTGSTGGWTGGGYGCA,-0.48250000000000004
SYATTTGSGGSGCYGSYWGTWTWGGGGWTGGCGTGTGGGG,-0.4175
GSWMWTGSTTTATWWSTWTWSGYMTWTYTGWMGSGGTTGW,-0.47000000000000003
GGTGGGATGTPTGTTGYPTTTWGSSTSGGSYGGGMAMSST,-0.43500000000000005
GPGSTYSGSGTTGGWGGGTTFSGGTWSTTTGGGMGTWTGW,-0.49750000000000005
GWTTWSPTPATTAGTGWTSFGTGSGGGGGSGGSGSMTSGG,-0.3875
SWSTGTGWTGWGGLGAGGSMGGYPWSSSYSSWGWGWTGYS,-0.4875
TMPMTTGMWTGYWYGSGSWTGSGGGGTGTTWGGTGTSTTS,-0.4925
TTGTTGSWTSGSGSGGWWTMWWGGWWSLTGWGGTWGWGGW,-0.48500000000000004
GGSGGTGTGYPSWGTSTGFYSGTTGCSTSGSGGTTWGGGG,-0.48500000000000004
GTTGGYSGSTGGWGGGSGYYTTTYTGTTGAWSMASGTGWG,-0.485
GSYGGGTTGTGTAWGGGTGWGTYGWGGWGGSGGYTMGTGG,-0.48500000000000004
ASTWLMGGYGGWSTWGWGWGTGYGTGWGTGGGGGSGTTWG,-0.3975
GGSTMGGCGSTSWWGGGGWGTTGGYWMGGYTGWGWGWGST,-0.43
TTGTSSTTGYTWGWTMYPSSTGGGWGGGTWGAWGTATGGT,-0.5
TTTGGSGSSGGGTGGPGSTTSMGTGYSTGSGGGCWGSTSG,-0.4925
GGGTPGGGGTGTWTGTYGTTPWMGGTACGGGGGGGGTSGG,-0.4
GTTSGTTYGWASGGGGTGTGGTCSSGGWSWGGGWGGGCTT,-0.39
WGYGSWWGGGTSGGGGSGTWGGTYTMGGSMWMTSGPGTGG,-0.4600000000000001
WGYGSGGGSGGGATGGGTWWTGGSWGSTGGASGTGSTGGS,-0.47750000000000004
GGTGGYGGGSTSWWGTSGGMCGGGSSWGSYWTGSGWSTGG,-0.495
TSGWTYWFGTWGWGSGGSTGTGSCTSGGSGGTSSTGTWWG,-0.4925
MMWSFYGWGGPGGGSSWGMGSGGGGWWYSWSGSSGWGSTG,-0.40750000000000003
TGGWGSGGGGGGGWSGGGGGGSTTGGGGSTTWGGMTGGGT,-0.47250000000000003
WGGTGAAYTGAGGGSTPTGGWGSGGSSYTGGGTTGWTTPS,-0.495
TGTSWTGAYWGGWGTSCTGWWWGGGSGGSPYWSGSGSTGA,-0.495
PGSGGMAGTATTGTHSSGWGSSAWWGGGTGTWGMTGGGGG,-0.3725
GGGGTTGTFSPTTTGPAGGTSWGTSWGPTYTWGWGGFTTG,-0.46749999999999997
TGYGGTTGGWWGWTMSGSWSGGWAGGTGTWSGSSYSGMGG,-0.465
GGGSWGFYGWTYSTSGSSGSGGTWGCGTGSGGWGTGTWST,-0.4875
GWWPACCTGSGWSTTTGWSGTGSTMTGGWWTGTGSSGSGG,-0.385
WTGGWTGAGATGGTGTGTSWGGWGGGGGGGSGPGSGSTGG,-0.4625
TFWWGPGMGGYGTSWWTWGGGSTTWTGMSTWTMSGSSGGG,-0.40750000000000003
SGGWSSGSMSCSTMSGTSSPGGGWWASGWGYCGGGSGGSY,-0.34500000000000003
GGGSWTCTGTMTMSYGSGWSTSGGGYTWGWTMTTSGWAWW,-0.36
TGGGTSGTTWSTGMGSMGTGSSGSTGTTSSWGWTWTGWTM,-0.4600000000000001
GFMSTGSTSWTTGWGGGSGPGTGGGTGSGGGGTSSYGGWG,-0.475
CTGGGYGTGGTSWSGTGGSTTGATGGWTGSGTGGYGSGWG,-0.4725
SGTTTCSGGFWTTTGGSTGGGPWGMTWGTGSGWSMSTGGS,-0.35750000000000004
TTGGWGSTGSTTAGGGGWSWGFWGGGSGSTGWSGGWSGTW,-0.475
AYWGTTTWGGSYTGWCWGSSCGGGGSSGTSWSGGTWGGTG,-0.4425
GPSGSTGTSGGYAAGSWGWGGAGMTGGAYWGYTGSWSYWS,-0.40499999999999997
SMSWGGGGAGGWTYTGSTGGTWGGGGTGGGGSGMSGWSTG,-0.40750000000000003
TGMTWWYWGGGGGSGTTGWWATYGGAWGWTSTSYGGSSGS,-0.5
TTGWGTWYSTGTSGGGMGTWSGGSGTGGTGTGGGMGGGSS,-0.47250000000000003
GWWSGGLTWSTGWGGTGPGAGGWCPTYYGTYPWWWWGGGG,-0.495
YCGGSWGTGGWGGAGWGGTGSGTYGWTGYTTSYTSGTSAT,-0.475
GGGGTGTGTWGSGSGYYATGGTGSYSWSWAYMTGGGCGTS,-0.4
GTGTMTWAWWSWSGGTSTSSSSGTTSASMGTTTSTTWGGW,-0.44000000000000006
GGGGGWMTAGGGTGTYGGWSTSGWWGTSGGWGSSGGTGGT,-0.475
SWPTGSGSMTGTGWGATGGGSSTGYGGGGTPGGMYSTTWG,-0.4925
PGWGGTWWSSSCGTTWGGGTSMGGGGWTTSGGGGGWGGTT,-0.48500000000000004
TWGTTTGMSWTSTTYSCYGSTSGGTYSGWWTGMTSGWGGG,-0.495
AMGSGSYPGGTWAWGGGSTTGTGTMGSWGGGTGPTSGGWT,-0.4175
GWSVSMYTGGSGTTWYWPGTGSTGAGGTGGYGSTTGTGTS,-0.4425
GWTWGTPGTGGWCWASGSSTGGTSGGWGGGGGGGGGGGGT,-0.45
WGGSWTTYGSTTGTGSGGGGGGGSWSGCGTGGTSTGSGAW,-0.475
GGGGSGGSGSGYTPWSTTSTGGGWGTAAWCTWGWWGYGTT,-0.47750000000000004
GSGPSTGATGGGGTSYGGSTYAYTSWWSGGGGWGCPGSGG,-0.49000000000000005
TGPGTSGWGFTGGTWGGTYSFGTSGGGSGSSWGSGYGGYG,-0.49000000000000005
SSGSGGGTGWTGTCSWFTGWGWGTTSSSGGYTGSYGGGYG,-0.49750000000000005
GGGGSGSGWYGGGAGSGSTGWPSGYTWYGWTTTGYGAGWF,-0.48
STSGGGTWWTSGGAGGTGMMTMGTYPGWTGWTGGGEWTGG,-0.4625
TSYGGGSSGGAGPAGGTGWTSGTWSWGGGGWGGGTTGGLT,-0.39
SSWGTGTGTGGAWTWPGGGGWGGGTWFSGGWSWWPATGGT,-0.4625
GGTTTSTMGMGTGTCTWGWTTWGGGTTPGGYGSWWTYWSG,-0.48250000000000004
AFMTGGWGGSWTGSGTTGATTCGGCTGAGGCGGGTTWGMG,0.05249999999999999
YTTGWWGSGGGGMGWGGWMWTMGFPGFTGWIMGMASTGAT,0.08749999999999998
GGMWSWWAAGSTWMYTASGGSAATYTSSTAGWAATGTMMW,0.03749999999999999
GTTMTAAGGMAASAGMAWSGTMGGWYWCWGAGTSSGGYGG,0.11499999999999999
FPGTYASGATCSGMWGGGCTAPATATGGGGSGSYTPGMCS,0.044999999999999984
WYYGGGATGGSAWGCGGTSGGMTAMMPYGGGSTGGAFCST,0.01749999999999998
SGMMPPGWTTWAGGGFGGTSTGTCSGACTAWWGGMSWTTC,0.012499999999999983
FTGGTMCMAWGTSGGPTTFGMGTGSGWTSWTSAWSAGGGA,0.03499999999999998
GGWYMSSGCGGPTAGTMSGGAFMATPSSGAGSTWGATGMA,0.10749999999999997
TWGWGTMGLGWMPMAWGGATAWPCSCAWYTWGASYWMWTA,0.13499999999999998
GPCTTGAGGGWGGGGSSMYGGGSFGTTTACWAWSMSGMMW,0.029999999999999978
GYGFGGWTAGTAGGFMGMTWSGTYMTGTGWGSCGMTGGPA,0.042499999999999975
SPGWGMMSFGAASFMGMYWTGGGGGTSAGWGTWMTSSSGT,0.002499999999999969
TTAMGGSGGGAGGMGTGFVTGTPTGWAGGGGCGGGGGTYG,0.01999999999999999
CWAWTTCGTSTPMAATTSTMCSGYAGSTCMPTGSSGGTSG,0.029999999999999992
WMTTCCGSTWTMGGGYTSTMCSGGGTAMGAGTTSGSFGSS,0.05249999999999998
GSSMCASMAGAASGTAWWGGTYGMGSGGGPGGASGSTSGA,0.04999999999999998
SGGTCGGTASPGSFGACAAGGGSTGGGGSMGGGATGSWYG,0.0024999999999999827
TSTWGTTGGCGGACMGWGWMTAWTGSAATGTTTGSGWGAF,0.0475
GSGMMWSWGGGGGTSTTAGGGTMAMMTSGTGGAGAMTTTT,0.024999999999999988
GMAGTTATSSFGATGGSAYCGGAPSGGSYGGGGSGAGGAM,0.08749999999999998
MWGGWSWAGGSWMGMFGTMGMGGTGFTMGTYGAGWGPGGT,0.04249999999999997
GCGWPGMGTGGGGTTCTTGCGGGCGAGAGSGGTSSWMMWG,0.02999999999999998
GMWSMGGWGMSTTAFPWFTMYGTWTSMTGAAGSGSGSTAY,0.02999999999999997
SPGSGGAMMMAYAWTMPGMTGGTWGPAGGMSSGGTATGSA,0.049999999999999975
TCTAGTASGGGGWTAAAGTMSGGAGSTYGSWGGSSAMTGS,0.002499999999999994
YYPSGAYMYGGGAMAAATWGGCCWYTSGYTGGSACTGGSG,0.0024999999999999857
YAWWSGMGWGMSMGGGGFSGGTMSTTSFGGGAGTSWPMCT,0.02999999999999997
TGAYAWGPMYGAMAMTSPTGSTCGAATGWGTGSTGTTGCS,0.009999999999999992
GAMMSAMPMSSYGTGTGTTGWATYTMAGAGTMGSMGGWWG,0.07249999999999998
GGGGWSGASWSMGFTGMGGTSYGCGLWTGMGSASAWGGGS,0.02999999999999997
ASTGPAATGCGGGSTSMMSGWTGGTAAGGYMAGATAATMT,0.2325
GTTFAGGGGTFWGGGYWSWGGGPMGGASATTGGATMGFTT,0.004999999999999979
FTSSWGSYFSTMTMSSGGTMCGGCGTAWTGTTMGWGTTSM,0.042499999999999975
WSMGWGSMGSSMWYGMSTGTMSTMMYYGGWGCYGWTAGMM,0.0024999999999999662
MTASSYGAMYGSYGGAGGTASAYTAAMGSAWWMGSYWAGG,0.09249999999999999
SSCGFATTWSMSGWTMWFFGSGGGSGTMFWTGTGPSGGTS,0.007499999999999965
TTGGGWATMYGTCGMCWAWSGMGGGSTYWGGAGTGGGAAG,0.03249999999999999
MSSGTAGGWMGAWWMWLYAGGTSTWWGSGWGCATGWMYAG,0.06749999999999998
GMGGMGSTGGTWGMWGGTAGMTGTWWTSTAMCGGGTTAGA,0.042499999999999996
AMGTYGGSSMSAWGYAGCFGPTWTTWGAAGTSTMWGGSCC,0.12499999999999997
WTYGGGGAPGAMGCGSSGWGMGGGGAGTGGSAAYCTGMGT,0.03249999999999999
GSGYTMTWGGYLWGCGGGWAWSMTWGAGMWTYGSMGCMTG,0.03749999999999998
SMTAGWSGASGMCYMFWGSCTGCGWAGTPMTSGWGGTGGG,0.10249999999999997
GMTGAAWSGGGTASGSCGWMGGASWTFTTGGMTSGGGGGS,0.0024999999999999827
PAMGTGGGGAGSWYASGTTMCTPTTTAATTSGYMGWMGGC,0.02249999999999999
GGMTGMYYGAGAMGYGTYGTATGTGGGTAGYLSGGSMTTC,0.03499999999999999
GMCGTYGTGSTITGWGTWGGGMYTSGGSATFAMATGGASG,0.09749999999999999
AAGWGMGAGWAGSWSYCGGMAWTGGGWGVGWTAGASGSMW,0.18
AGAGGWWAMWGSGGSYGTGGGSMGGAGGGTAMAWSTWSAC,0.07249999999999998
WWSSGGWYGAGGGSGYGCAGGTGGTTGGSGFAGAAMATGA,0.04249999999999999
GCWGGAPGGGFFMAMGMSSYSGMGGGTGMYSSSGTWGGGT,0.047499999999999966
MAGCWSGSGYTMMYAGTSGCSCGTPFGSPMGPTGGMGCMC,0.26999999999999996
GTFMGGAAGYGMWTCWGTCWAYSWMGSYGGGGSCGYWGMG,0.08749999999999998
CYTAMWSTTGMPWGWGGAWAGWASMTSGTASASYGAGTMY,0.03249999999999999
WAYYGATSTWATTMTTYCYSTWWMGPTFATWGWMMASWCC,0.09749999999999999
TTCAWTAGGGWAWAGTGTCSTMCTAAGWSSGGGTGGTGSY,0.025
GWWCPCAAGGSGWGTGGWTMGAGGAGGSGWSWGASGAWAG,0.014999999999999989
CGAGTCSGGTFTTSSTSGGFYGSTGGGGFGGMATSTWGMT,0.04749999999999997
GMGGGFTGGCGGASTMMSTGTGGGGWFGTGGCGWWSYWLM,0.15499999999999997
GWTAATGGCTMGWSCTPTYGGSGGGYYAGAAGCGSTFGSS,0.012499999999999987
AAAATGSAWSGWGMGMWAGSASTGTGGGWASGSGACMAGW,0.25
STGGGCYGFTGYGGWWTTTGSMMSMWWCMGGTTFGTAGMG,0.06249999999999998
TTGGGTGMSWCMATMGGLASSAGGTTGGTSGWWSMGGSTS,0.004999999999999982
GMSYSGTGMFGWCWSAGGWCTMTGGTYWAAMAGCATGGGT,0.23249999999999998
WMAAGTGWMAWAMTGSTGTATAGSSSSTGASMWMWGGGGG,0.10499999999999998
GSTPGGTGTWTGSCTGSSFWSWATAVTATMTMTWWGSCTM,0.042499999999999996
TSSGMSTMWGFMGPMPPSAMMWASGGGGSGFTWGCTGTTY,0.03249999999999996
GGSAASATTGFSWSMGAWGCTTGWGGTATMSGTGSAGSPG,0.007499999999999988
GATFGGTWGGMTTGAAGGGSATAMPGAGWFGGGTTGGGTW,0.06749999999999998
FGMSWGSGGGGSGTGTTGMAATIASAPSSGGWWFYMWGAG,0.13749999999999998
TTGTTGSGFMTAGGGTGSSWYGAAGCCGGTGSSMGTMYCS,0.05749999999999998
ASWCTTTSGGMMTWTWGWGTGTMGCGWTSASGGMMTMSSA,0.06499999999999999
WMMTAMSTGGPTTAGTMWGSMWTAWGGPMSSGFGGMGAGG,0.10749999999999997
TGGSWSTSWPTGFGMGGGAGALPMMWTTAWGGAGWSYGTM,0.004999999999999974
SGCPTAGFGTGGYTYATCTMMGMATGTYSTGGCTGWSTGT,0.012499999999999989
GGMAWWPYSYGWMYMGLSYMSGGWWMGWTMCSTMGAPTGG,0.002499999999999963
TGGTAGCGWGATSGCWWMGASWSTSMYGSYWSAWGAWTFA,0.03999999999999999
GTWPSYAMGTACGTSGWGGTMGASATWWSTYTMGSWCMAT,0.0024999999999999883
SGGSCGCAWSTMTGTTWAMSGYWSGGGGASGGGCTGAMAG,0.1075
AGGGMGGWMGWGGTGWATGSAMYMGWSTTMGASWSWGATA,0.04249999999999998
GTYYGTGTGCTSTAPAGMGTATGTCGWSLAYATAGGMAWT,0.1325
WMWTSGGSWPSWGMYPTGGCGGYAGAASGGSSGMTAWSIF,0.007499999999999974
MSGMGSTAMGWGGSSCAWGGSMSWTLTCGAGSWWWGGAGT,0.12499999999999997
MGYAGSAFPGWGAGGGGMTCGTGTGFSGTWAGGGWFTGWT,0.07999999999999999
GMGGGATTYASTGWTMGFTTTTGGYYSTSMCGTAGGFPSM,0.00249999999999998
SGGGGFGPGAGSGSGMMMGWMAGGGGGSWMGTAAGGSWGM,0.11999999999999997
MMTTGGTGTAYMWYWGMGGGGMTCTGWGAMYGMGGGGWWG,0.009999999999999978
GSYGSSMFMATAGAYTWTMGSTAGSGTGTMGMTWGSCGGT,0.06999999999999998
TTTGGFACGACTGTWWGWMTGYGGATSGGGAGATPSMGSA,0.09
GYMGGMASMWYMGSTSTAAWYSGGTGGGGGTTFMGMWTAW,0.042499999999999975
TSWATSTAGGGSATATTPSGASGTMPMMGGSGSFFSAGGG,0.057499999999999975
GGTSGWMYGYWGACGGTYTMCWTGGGMATSATMGGAAMGG,0.13749999999999998
ASMFTGGGSMTGGGTACSGSGMATTTPWTYTATGSAMATS,0.1125
PSMGGAGAACASTGGAWGWSTSWATAFYGTPGGGSSMWGG,0.02999999999999998
GCWGTAMTGSHATMSAAGAYTWWAMGCGWGWGTGSTTATT,0.049999999999999996
SGWTCGWGMGGGSGMCWGGGWGTAGTAYYGAWGVGTSMWS,0.007499999999999988
WMATGGWSCWTGCTWGMAWSSTSSATGTTGWGGGAMCGTG,0.02499999999999999
WGTAWGMGSGTSASCMGGGWGGGPAPMGGAAASGSFMSSM,0.18749999999999997
GGGCTWGWMAGMSGWGTGMGGSGSASTWWAGMGWMSAGGG,0.03249999999999998
GYGAAFMACMAAAPMMFGSWACYWWGTAMATSMGCGGCPA,0.7675
SCWSACMFMSMAAWAMTGGCSWMAFMAWGMMMSTTMTWGM,0.7975
AAAASWPGCGCGAAAGPSAMTAGGFMWGMAGWMPGSGMMW,0.5425
MTAWGTHGMSGTWGAAFAAAFMAAAMMSGTTCAFMASVGG,0.8150000000000001
FTSCCAAMMMTWVACPGWTFAAGTTWGYSTTAGMGACMMS,0.7224999999999999
AWVTGWMAWWAGSAMATMGASSTGWCSTCMGTGSACSCMA,0.5725
AGAMCGWAAPSAGMTAAGAGMMGMYGAAAGMWMFATMMAA,0.9375
CASGSFGCGMSSTCTMAGMTMGSGGGAMGAPTAMMGGMAG,0.5774999999999999
GMAAACMCMTGMSMMSGYGGMMMCAACCWMTWASAAFGGS,0.9549999999999998
AMASGMLFPCATMTWTMPGGMMWGMAFWMGAPSGYMAWPW,0.5375
MMTSWGMPGGMMAAPCWCLWAAMCAFMTCSFGSWCAGWYY,0.7474999999999999
GMAMGTGMWPGSMGWWFTACGMGGMMATMMSMMCMWGAMS,0.6599999999999999
TMYMGMMMAAGGAAATWGMFACSGGMYMTMMCFGGYGGWT,0.6775
GTMWGYWFCCTTAAAAFMAAAAWSMMALGMTGGMTMSCTC,0.9275
ATAMCGTASAAGSAMSTGTAATMWFAPATSGAAMACMMTM,0.8074999999999999
MGWMGAMMGMGMSSGGGAACTCMACMWMWMSGWMYFMSGA,0.7424999999999999
TLYAACAAMAGVSPWGTMYSMAAWWGACASCGAMYATSVL,0.8949999999999999
MSAAGAGWSASFSGMFYCAMGASFWWMAGMSMTMAWMGGA,0.7274999999999999
STAWPAAAFAATMGMYGAGGTGWAMMAMSMGAGAACMAFG,0.8300000000000001
ASGAYWGPGTMSSGMAMGAFGYAMAAAAAMGMASMCMAAA,0.8474999999999999
FAGATTCCAAAGASSYMGMTGAAAFTWGAFMYFWTTGGGA,0.7075
SMAGAAAGGMSSWGGMCCMAAMTGAWTAGWVSTFMMMMWG,0.7849999999999999
MFMFMAGCYMSMTPCTMFAGSSASAGSGCWGYCTSGAAAM,0.7474999999999999
GMCAYATMTAGTMPYATAMSMAGMGGAGGWAAAGMTAGCM,0.675
SGGMCSMGAFAMGTGSGATCMACYMSMSACGMAFGAGTAG,0.7975
TFSSGMSSAGMGAAASMGCTMSGFCGATAMMAAGTGSMAM,0.76
MMWTGGATATTWWMAMACSTSAWACMAWATAGAAMSTAMA,0.7175
MTMGYSAAASTWMGASGGYTTASGTAAALGPAGCMAMMCS,0.5700000000000001
FATAGFVSMCASMTTTATAAGAATCMWMAGWMSSAWGGGG,0.735
ATAWGGTGATMMGPGAGTFASMAASTMTATFAFSASAGTA,0.5875
CMAGGGMMAAWMSMCAMMAMPSMWGMSYMTCYMYSGGMGY,0.6475
WGMGATATTCMTCTTGGASTFCWMMSSMGFAGMAWAMMWW,0.6224999999999999
MMSWAGWMMAGMAMGGWTSWCMMAMMTASSAMGMTATTGA,0.675
AAWMATGWTTMTGGAGAMGGMMGSGAGFAGGFAFMAATPG,0.6325000000000001
GCAFWSCTTATAMWMTGMGWSPSGSMCMCTATACSAMTAG,0.6024999999999999
AMSFCTTAFCMMYCWTGAATMMAMMWWATTGMAMWGMPMM,0.8949999999999999
GWGAAWTAMPMAMASWSGMATCMGAAMGPMAAGASAYWFM,0.6950000000000001
SWMATAMMATTMSGWGGPAMAAMTAGTMGTMAAAGWAPAA,0.6125
WSFYAGGFMATAAGATSGWCSMATFAGWACMCMMASTAAY,0.7975
AMALMMGSGWTSAAMMMAAMTAAATAMSTGATMMGAGMYP,0.865
GMCTSFMWYEPAGMACGWSMGAAMMGTMTGSTMGSMAAMM,0.5625
TGCAYTMAASCLTGMAGGAWMTTCMSWGSAGMGCSAYTYF,0.5700000000000001
MWAMSMAGIMCSFASMATMAMMMAWMAASMTGMGPGWMTA,0.9875
MGTGSAMMCWAGMGGMSCACMAGMWGGCGMATMMWMAMMG,0.8949999999999999
GTTTATMAGWMWMYACTMWMAAMAAMTACMGGMSMGTAGG,0.6925
ATGGASGMGAFFACPMGAGASWGWAFWAAMGATMMGGAMA,0.8150000000000001
TAATGTTAMTAPGGMCTAYCACCAAMMASAMWGMTCAMMG,0.9
MMMTGMTSMMMMYSPAMTGGGAGSATAASYMSAMSGCGCT,0.5349999999999999
SGMSASTSAASSATAACGTGMAWGGWYSMMSCAAACAMTG,0.5525
CTTGMMMMATMSTGWAMMGAGAWSSFMMMSGMMTGAAGSY,0.6375
TCWAAFMTGAAAGGTPMATAFMMMTYTFMAGAMSMMWTPG,0.755
GMGTMTMYMGTTAATAWGGACATGMWSAMCWMMGGFMTTF,0.6224999999999999
AFMCGSMTACSAAMAAMTMMMSGCCGTASGGSASMGWGGM,0.8324999999999999
MGGGSMAGASMAMAWAAYYTCMAMMASSYAYACSAAGSMM,0.7525
YTACMGTAYTCGAMTMAMYMFGGMAGTGSAGGCATMACMC,0.82
AMMMAMMAGGMMSAGATATMGGGMTMSMTAGSMAWTGTGT,0.635
GTMGMSAASMWAMGAGSMAMGAAPTCAMATMYMLYGCWSM,0.7575
CGAMAGSAATAWTAGAGAATMGAMGAAAGMFACCDGMWTY,0.79
MTMMCAAMMWMCWWTASMATMMCAAMGTPSAGWTAAYWWS,0.6925
WMTWGMAAWAYATSTFCMGCITAYTGAWATMGMWATCATG,0.625
TACSAAGMAPAAMGSWTMMTTMMTWLAMMMSAGCGSGAGA,0.7849999999999999
FTMAMMMGMYAAPAGMTWPSTTGATAAMTAMAWMAWAGGT,0.62
MGCMFSMGGMAMGTWMAGGWCMMMWMAMSTGWAAGTYGAC,0.7449999999999999
CMPMAAAAGFATMMTGGMSAAAGACTFPMWGMMDCWYCMM,0.9025000000000001
AGAGMACACWMAAMMGATGAWTGSSGCCMGAAGMMTYGMG,0.8099999999999999
AFWWSCTMAMGMACTAMAAGPMTTAATAAGTGAGTSMAAA,0.8125
SASAWAFFFGCMAAMGAYMGLCAAPMMWMMWTAAYPGAGS,0.9174999999999999
TSGAAGASGTAAWSMGSMTGAMTGCMWAFAGTTMMCAACS,0.6725
GYFMMCMFFGGAGAACGGYSGAMWMSTGWAMCGWMGAMGW,0.725
AGMGMTAGTGSAMTMMGSWGAWMSAGGAGAWMSMAMMWAW,0.545
TSMATATTMGGTAYMSMMAMMTGFAAMAAAGCAAGAGAWF,0.9075
MMCMSFAAASTAWMGGGWYGAWCGCAFAWTGCGTTGATMG,0.6475
CWAATCASAATAFAFGATAAMMGGWAWCWAAYWGAWASAM,0.89
GMMGGMSAAMMSTMATSATTLGMTWAWGWAATACFSGMAM,0.7474999999999999
PGMMFMATTPAMWGSTAGCAFSASSGMAGGIPVAACFGWT,0.7649999999999999
AMGATGWMCMTWATCAAFGGFAWMTWGTGMYGYAAAMAMS,0.715
ATGMGGMGSWACMFAMGATTMMGMYPMCWMSAAGWAMMMA,0.8225
ASMGAATMGMFAGGCYGGFMMCMSSMTGTATGTMGGAGMW,0.65
TTCSGSMSMMMMAGMMWMAPGSATCPMMFMTACCTFSYAS,0.7649999999999999
WMTGMMGYTATGATTTCTTMAAMAMAALGYAAWGTGWSAT,0.505
GGMAGSGMGSAAGTAMMTGWTGATMSAAAAATMAGMCMGG,0.6575
MAWAWGGSAWTMMPTAATGMSAMTFCATFCTGSMAMFAMG,0.7975
CSTATTACSSSMAAGTMWGTAGGAWSMCMGACAAMGGCTA,0.6799999999999999
MSAMGGAAATCMMPAAMGAFTCAAGMMMWGAGPGWYGYAA,0.7899999999999999
AMFMSSYAGTYSGWPACGAATWCGMAMMGTAYAWAGFWAF,0.6224999999999999
AFGMGSYGGMMMGMMAAGMAAMWWMYSTGSMAASMAGMMG,0.75
ACATAPTSAMMMWSGTMGTGMGGAMCGGWAGLFGMSAAYT,0.6275
MSPGMAGGGMAATPGCATGSACTGAAAGMTATPAAGASAM,0.5900000000000001
CSSMMFMAAGWGTMACWSCACTASSSMCGAMTSYACMAGA,0.8724999999999999
WMMMMAFMSASGFGWSSWTAMCYTYCMFCGCTAMTMGAGT,0.7625
ASWAWTAAAGSSAFATCTMAWGMMATMWSSAGAAYCYAAG,0.65
SMMMMAGGTMFMWGAGGAGCYTTWFCAAAGALCSWMAGGG,0.8225
AGCSGYGAYCGMMGMGACMGWTMGGAMMSWSWGAWCSMAM,0.595
SMTTCWMGCTSMGAGSMYGATPCCGAGAAMSSTSMMMSMG,0.51
MAAAWGAAGMSWCAMSGMCGAGMWMATSGTGWMAMMSMTW,0.69
MSTFGGTYCMACAGSMMMMYMWCPMTGAAWMGGTSTMSAT,0.5625
YGCAMAFAGCASGASSAAATAMGMTWGGGWAAFSMGMMTM,0.8025
MGGMMMTGMTSAACMSAGCPYTTAMAAMTTMAMSASAGGF,0.7575000000000001
GYSWMGAFTTYAAYWASGWACAATFMATYGAMWMAAAMST,0.5725
AGFAIGAAMMAATWMTSACGWSLSTAFWMAGGSMATASSS,0.8150000000000001
YAAMPMAAAAMMMMAMMMMATAAAGGATAAGALMMACPSA,1.295
AAAMCMAASAMAAAAMMMTMMFMAMGAAAASAPASMMAAM,1.4775
MMMMCMYAASFACMAAMACMFSAMWMAAMCTAMAMSAGGA,1.44
SCAMAAACTAAAAMAAMAMMAAASAFMMGWFACMAAASAT,1.48
PTAMAAAGMAGMMMMCGMGCAAGAMMAMAMGMMCMAFYMM,1.3625
AAAAWMTAGAWGMAAMFMAMATMMAAFMACMAATAMAMMA,1.465
YFAAAAAMMCMAAAACGAAAAAMMAACMGMMMASGGFTAA,1.5
AACAMWAAWAAFAAGFFAAMMTCAACWMCACWMFSAMSMM,1.49
SWGMCAMAAMMAMMASFMAATGMTASLWMAMAMMAMMAMA,1.365
MMMFMAAAAAAASMGWMCWMTMMMAGMAAAAASAMVAMAA,1.4975
MGMSGCCMAAAAGMLMAGAMAMMMMAAAAMAAAMAATAYA,1.49
GGAAGYMYGAWCAMMAAMAAMAFAMAVMCAMCCAATMAAA,1.4725
TAMAAMAMMCFMAAWAMMGGASMMFGAMMAAGMMAAMFMG,1.46
ACAMGMGMAAMCMMATACAMAGASAMGCTAMMMAMMGAAM,1.44
FGAMMMFMFASGAAAAATGMACTTGTAIMAFSMCAMCAFM,1.4674999999999998
AMCAMAATGFAAMGMMMACAAMMAATAACACAMSWYAMAM,1.4775
GMCGMAGMAMCMMAAMAMMMACTAGAAMMAMMAATCAWMM,1.4975
CGCMAAMAAGAMACGMGAAYAAAMMMACMTAAAMAGMAMM,1.4849999999999999
YMMAMMMMAMMMAYMAMMMMMGTAWAAAAMFAAMMTLAMG,1.465
MEATWCAAAATCWTAAMMAAMAMMAAAAAMAAMMMFMMMM,1.44
MMAAMAAAAAAAFAMAFMASAASGMMTAMAMMMGCMMGMG,1.49
MAAASMSTCMMMGAAAFAGAMATMMATMMMAAVPMAMMAA,1.425
AMMMTATMAALAAACCCGATMCFTACAMAMMMMMSYAATA,1.48
MMAAMMSMAYMSFASMMAMMGAAMGMAAMAAATASMAFGM,1.3225
MMMFMMWAMTAMATAMASCMMAMAMAGAWMAYACGAAAGA,1.325
MTMAAAAMMSCMACAWFMAATCMAYTAAAAFMAASMAAAM,1.465
AAMMTAAGAAMGATPAMAAAYAMAAGAMAGMAAMAMMAAA,1.3175000000000001
MAACAAMMTYMAFGAMAYAMAGAAGAAMGCAAAMAMATFA,1.4075
SMCCFMTATAMMCAYGAAAAGWAACMMGAAMFTAAMMAMG,1.3275000000000001
MAATMGCAWTMCFMMAAGAMMCMYMMMFMCCSGAFAACAG,1.4549999999999998
AAGMAMAMGAGAAMMGAACACACAMAAFMAGMATAAPGAA,1.42
FSCAMFAYMCAYMMTMSMMATCSAGACAACGAMAGCMFAY,1.285
CMMWAATAMAMMMWAMGYMMMTCACACACMMAAAMTAAMA,1.4675
PAAAMAMFCSMAGMAAMAMCMMAAMTAAAGWGTFMACAMC,1.44
MAMSAWTAMMMAMMTMAMMCMAACCMAMSTWAMMWMMTGC,1.275
SMAAAGMYMCCMMAMMGACACWMFAAAGMWHMAMGCTAAA,1.255
MAFAMGGAAWASAMAAAAAAMASAMCAMGACAWMAMWAMF,1.41
WAAAAAMMPMYMMACMAAACMASAACASACMAMMAMCGAA,1.5
MAAAMAMACAAMAAAMAFAMSAAGCTAWAGAATACATAMG,1.41
YAASAMAGAMMGMAAAAAAAGMAAAAAAAAGAAMCCMAMM,1.4949999999999999
AMMMCAGAAAMMMAMAGMCCMMAMMAAGPFWAMAMAAAWS,1.4625
AAAMAGAMAYAMCMAMMAMAYAAAAACMMTMTACAYMMAA,1.47
AACACCAMMPAAMMAMMMMYAACTFAAMAFALYMGSAGGM,1.465
AAFGMATMACACMACTAASAPTAMAMAAMAMMAWSAMMAM,1.3800000000000001
MMACCMASAAASMMAWMMAMFCATGAMMAATCWSCAAAMA,1.4300000000000002
MMAAFAGSMGMSAAMMCMAMFSWMAMSAMMAFMMAWWAAM,1.3575
MASMMAMFAAGWAMAAACGSMTMCVAMFAGAMMMSCAMWG,1.38
MFAFAAMMACGSTAAFTGAAAGMMWMAACMSMMTAMAMMW,1.3225
MGWAAMCAAAWCATFGAAACMMMAMMMATCAAAMPMAMFG,1.4375
STMMWAAMMAAMTMCMTMMAAAGMMCGFAFFACMGAAAAA,1.4725
AGCAMAMAMAAMCAAMYMFCMMAMTACTAGCMAAGSMAAG,1.4525000000000001
MCACMGMMMMCSMAMAMMAWTMAMFGMMAMMMAWACAWAT,1.435
MMMAAPCACMCMMAMPAAAAMMSMGSAGAMCAPAMGACAA,1.3675
AAACSAYMMCMWMGTWMMAACMMFAAAGAAAAMAACASMA,1.405
GAAGAATCACMAAAAMATMGMWAAAAAAWMAAAAATACMA,1.3800000000000001
AGTCFFAMMTMTAGTMATACAATAMPAMLAMMAACAMWAG,1.2825
MAAAMMMAAAMAAAFAMGMATAAMAATSGMAWAAMMAAAM,1.4875
AAAMGAMTAAMMFVGMAYCMGGAPMFAAAMMSMAFAAMAA,1.47
MMMMHMAAMGAAAATMWYQMCMMAMCMAAAAMASTMAMAA,1.225
MAWAAAWAAMAAMDCAFAAMAAMMAMMMMASATCPFAAAM,1.4324999999999999
CAMYCCMMAAMAWCTAGAAACCASAMCMAGGTMMAMFMAM,1.475
AMFAMMAAMMAAGAAMMMMMGTAAWMTTAAMMAAMCAFMG,1.4849999999999999
CAMMGAGMAAFTAAAASAMAAMGATMAWAAFAAMAMMMGG,1.3599999999999999
TAACMFCMMSCYCMGGMAMCWAAMMAMMMAMACMASAAWM,1.45
AMTACAMCMMCTYAAACTAMMMMWAAFMGMPGCMMAMAAA,1.4175
AMAMSAMACGMMAMAAMMSGTAMMAPAMMAACAWMFAMMA,1.4425
CSMMMAWAMAAFFASAYMMMAASWMMMAMMCSCMMGAAAA,1.41
AAMGMAAAAAMTAFAAMMASAATAMAMTAMAMFAKCACMA,1.46
AMMTGMCCAGAATSCAMCGMMWAGMGCAAAMMAGMWGACA,1.22
GMMMMMFAACGMMACMMMMATMGCAAFACTSMMMGAAASA,1.4825
DMAAYGACAAAGWMMMGMSCMACCAMCMAAATMAASAFAD,1.1675
CMATLWSPSAAVGMMACMAAACAAMAASMAMAAMAMMGAM,1.47
AMMFAFMAMMAAAMATMAAMATMSGCAAAAAFGAWMMGAA,1.4975
AAAMAWTMAAMFCMMMGTACMCMGSWAMMMALAMMMMMMW,1.4674999999999998
FMAACMACACATTGAAMMAMAAAMACWGAAMAAGYMWGMA,1.3599999999999999
TAAAMMSMAAAMMFMFCMAGTTAATATAMAMAAMAAAMAA,1.4625
ACMMMGMAAMCAAFMMAATWFAAAMWMMMAAAWWAACAMG,1.49
SMAAAAPFASAMAMAMAAAMSAGMMAAMMAAPMMCAMTAW,1.3225
AFAAMYYGAMAMAMMAAMTSMMAGMMMAWAAASCCMMMAP,1.285
MAFAGMMCMMAAGMWAGMAATMAATAMMAAAAAFMMMGAM,1.49
MCSGAAMAMAMTMAMAATMMAMAAAAMTPFCMMAAMAFAG,1.47
AFAMCAAGPGMAMAAAAFAMAAGAAMAMAAWAASGAAMGG,1.3375
VMGMAAAAMYACMAAMMMGGAMMPSMAMAMAMAAAAMGCA,1.4825
AMMATAYACMAAAGMAFMAMMSMAMMCCCTTMMAMAWCAA,1.4925000000000002
MAAAMGMFGAMMMASAGPSTMACMFMMCCMCAMMAAMMTA,1.4525000000000001
CTMAMAMWAMACTCGTFAAAFMGMCACAMTCMAAMMSAMA,1.49
TAYACACSACAFAMMSMYAACMAAAAMMAMMWAAMAGSMA,1.385
SAAMAAFTMAAAYMACFAFWAAAMGGASMMMTMMAMACWS,1.2925
CAMTCCMAACMMWMCAMMAAMWFAMMCACSMAMASAWMTG,1.4674999999999998
MAAAAMWAFAMMSMAMAMAWMACCMAMMAMMWAAAFTSWT,1.3924999999999998
MFACFCYMAWAMFMMGAAAAMAMAAACMTSAWMWAVMAAY,1.4725
ATMMAMCMMAMMFACSACACMFAAMGASTAYGAMAAAMGM,1.4525000000000001
CASAYMAMMAMAAAVTGSMFAAAACCMYAMAMAAPMFACT,1.4525000000000001
TCAAAAAAAAMMGACMWAMACYMGSACAMMWMASMAMAFM,1.4075
QMAMCGAAAMMAAMPMGAPMMMMMAAMMMCGMAAYMAMMA,1.335
FAAAAAMMPAMAMAAMAAMGEMAAACSAAMPMMMAAACAA,1.465
GAAMSAGAACMACAGGAAAMMCAMCCGAACAGGFAAMGAW,1.3725
ACMMAMAMGAAGMAAMATAMCSAMSAAMTAMMGMCAMGCA,1.4275
KTCAMMMMAAMASAAMAAFAACSSMFAAFCACGSMWAMAA,1.3800000000000001
YMMAMFMWAMAGTAMWFAFAAAWMGMCAMFAAYMAAMMAM,1.42
MCMMMACMMAMACAAMMAMAMMMMFAMMCAMMAMAAAAAM,1.9449999999999998
MMMAMMMAMMMAMAAMMMAAMAMAMMMAAAVMWMAAMMAC,1.8649999999999998
AMMAAAMMCMAAAFAMAMMACAMAAAMMMAFAAACAFACM,1.9774999999999998
MMAMAAMMTMMAAMAAAAAAAAGAMMMMYMCAAMFMAAAA,1.685
CCMAMSAMAAAAMMAMMLAMAAFFMMAAMCLMMMFCWLMA,2
MAAAACAAAAMAAMAMMAAAACAMMAAAAMMAAFAMMAAM,1.89
CAMMAAAMAAMMMAMFMCMACCMCWMCACMMCMMMCMCAC,1.9925000000000002
AMFAAMMMAMAFGMMAACCAAMMMMMMAAAAAMAAFMACF,1.935
ALMMCMCMMMMAMAMMAMFMAMMACMMCCAAMAMMACMTT,1.905
CFAAMMMMCMAMAAAAAMMACAAAATACMAMMCMAAAMMM,1.8875
CAMAAAAAMAAMAFAAMMAMAMSMAAAMCMMMMCAAAAFA,1.8699999999999999
MMMCMAAAAAAMAAAAFCAMMMAFMACAGAAACMAMACAA,1.9100000000000001
MMMMMMMAAAAMAMMMAAAMAAMMAMAFAMMMAFAAMAFA,1.9225
AMAAMMAAAFAAMMAAAAMACMCAACMAMMMGAAMMAFAF,1.905
AMMCFAAAAAAMAMMMAAMAAAAMAMTFAFMMAAMMAAMM,1.8675000000000002
CCAMMMAAMCACCAAAAAMMFMMAAAAMMCAACYMAFMAM,1.9274999999999998
MAAAAFMMAAACFMAMMAMACFAMAMMAAAMACMMGAMAA,1.9075
ACCMMAAVMMAAMMACFCAAFMAAPCFMMMAPMMMCAMMA,1.9075
MAACMMMAMAAAAAAAAAAAAMAMAMMMCAAAAAAAMMAA,1.8649999999999998
MAMAAMAAMAACAAMAMAAMMAMAACAMAMAAAAMMAMAA,1.8699999999999999
MSAAAMAAMFAMMAAMAMFAFMAMAMMAAMAAAFCMAMAA,1.8875
FCMMMACAMAMTMAAMMAMAAMAFMAMAMACSFMAMMAAM,1.8425
MMMMMCAAAAMMACMCAAAAACAMFAAAAMMAAMMAFAMA,1.955
MAMMAMMAMLMMFAAMCCACGMAMACMACAAAALAMAAAA,1.9899999999999998
AAMAMMMMAMACAMMMMMAMCMMMFAAMACACAGMCAAMM,1.905
ACMMAACAAMAAAFMAMAGFFACMFAFAAAMAMCMAMAFA,1.9899999999999998
ACFMACAMACAAAFMFCFAAMAMAMMAAAAAYMATFMMCA,1.8975000000000002
AFMMMAMAMFMTMAMCCMAAAMAAMAMACAFAWAACAAVA,1.905
AACMAMMMACMCFAMAAAMAAMAMMAAMAFMCMAAAMACM,1.975
ACMAAMCAMACAAMMMAAAMMAFMAMFAALMCCAAMWCMM,1.9725000000000001
LAAMAAMAMFAAMAAMMAMCAAAAMAAAAAMMAMCMAAFM,1.9675
AMMAAAMMMAAAAMAMMMMFAAIAGMMMMAMAMAMMMMAA,1.8875
AAAAFLAAMAMMAAMAAAAAAMMCAAAAAMAAAACFAACM,1.9725000000000001
TLCAAAMAFCMAMMAAAMAAMAAAAAACALAAAAAAAMAA,1.9324999999999999
ALAMFAAAMMFMMACMMMCACCMCAMCAMAAMASMAAFAA,1.9975
AAAAAMMMCMMMMACMMCAFMCMAAAMCAAMAFMCAAAMM,1.9949999999999999
AMAAFAMAAAAMMMAMCMAMMAAFAACWMMCMAMMCCALC,1.9725000000000001
AAMMMAAAAMMACMAMAFAMMAMCAMCAMMMFMACAMAAM,1.9625
AMAAMCMMAAMAMCAMMAAAMMMIAAAMMMAAACAAMCAA,1.975
AAAMMAMMFAMMMAMAACMCAMCAMMMCAMAMAMAMCAAF,1.98
AMMCACAMAAAAAFMMLMAAAMCAMAMAMAAGMMAMMMCT,1.8649999999999998
CCAMMMMMMAAMACAMCAMFAALWCAAMAFFAMAAMMAMM,1.9825
ACAAAACAMMACAAAAMMACLAAMMMCMAAAAAAMMMCAA,1.9825
FMMAAAMAMAMMAMMAMAAMCMLAFAACAMAMMAMMMAAT,1.9149999999999998
FAVAMAAAAMAMMAAMFAAAAAAFMMMAAMAAMAMAAAMA,1.9649999999999999
MMMAMMMAMMAAMAMMMCAAAAMAMAAFCMAAAMACMFAC,1.9625
AAAAMACMACAMMACMMAAAACAMAMAMAAAFMMAAAAAA,1.9225
MMMMMMAALALMMAAGMMAFAACAMAAAAMMWMVMFAAMM,1.9475000000000002
FAMAMAWAMMMAAGAAMFAMMMMMCAMMMAACAAMCMAMA,1.8225000000000002
MMAAAFMMMMACAMAMAACFMAMAMAAAAMMAMAMMMFMA,1.955
MAMMAMAAAMMAMFAMMFFAMSMAMMAAAMAMAMAMMMFA,1.8824999999999998
AAACAAMAAAFACFMAMAAMAAAPACMMMMMACWMAAYMA,1.7175
CAAMMAGMFAFMAAMMFFMACAMMAAAMMAAFAAMAAAAA,1.935
FAMAAAFAMAACAMAMMMFAMPAAMCMFMMAACAAMAFMM,1.9274999999999998
ACMTAMMAFAAAMMAMAMAAMAAMAMAMVAMAAMAAAMAM,1.8775
ACCVMAAAMSAMMAAAAAACMMFCAMMMAAACAAMAAFCM,1.9774999999999998
MMMAMMAAMMAAMAAMACAMMMAFMAMCAAAACACMMMAA,1.9375
AMCMMMAFAACLAMMAAAMAAMFCAAAMAMAAAAMAMAAM,1.985
AMMAAFAFMMMCAMACAAMMCMFAMMMMAFAMMFAAGMMC,1.9825
AMFGAMCGMFMMCFMAFACMMMMAMAAACCMMMMCACAAL,2
MAMMAAAGCAAMTMGIAAAMAMMAMAAMMALFCMMAMAAA,1.8399999999999999
AMAAMAAMMACAAMMAMAMMAMAMCMAMMAAMAMMMCCMM,1.92
AMMAMAFAAMFFAMMACAAAAAAAAAAMAAAACAMCCFAA,1.9899999999999998
AMAAAAAACMAFACAMAAAAMCAAMAFAMAMFAAAAMAAA,1.9475000000000002
MCMMAMMAAMMAMCACAAMAMMAMMMMLAAAMAAACAAMM,1.9649999999999999
ACAMMAGMMCMFAAFMAMCAMMTMMAMCALAMAACMYFAA,1.8524999999999998
ATFMAFAMMVMACCAAFMMMMMAAAMAMMACMCAMMAMAM,1.985
MMMAMCAMAAAMAACMGAMFMMMMAAAMMMMMFAACMCMA,1.9125
MCAAAMAAAMAAAAACAMCMMMAAMMGAAASCFAAAAMMA,1.8024999999999998
MAACAMAAMMCMFCAMFMACAAMSMCAMMACAAMAAAMMM,1.9274999999999998
CAMAAMCMAMAAAAMMAAACMAMAAMMMCFMAMACMMSAA,1.8850000000000002
AAMMMMMMMAMAACCMFMMMMMAMAAMMAMAAFAAAMCMM,1.955
AMAMMAAMAAAAAMMCMCAMCMACMMAMAFACMCCAAAAA,1.98
MALWAMMAAAMAMAMMFMAAMAAAAMAMCFCAMMMCAAMM,1.925
CAMMAAMAMMAAAMAFMMMAMLMFMMAMMCCAAMAAAMAA,1.9949999999999999
MMMMMMMAFMAAGAMAAAMAMMAMMACAAMCMFCWAAMAM,1.825
CAAMFCCAAAMAMMCAAMMAMMCTCFAMWMMAAAAAAMMM,1.86
MAAAMMAAMMAMMACAAAMVFAWAMMFAMAAFFCMMMAMF,1.9899999999999998
AMAAMTCMMMAAAAMMAAMMAMAAMAMMACMMAAAAAMAM,1.815
CAGAFAACAAMAMMAMMCAMAMMMACMMACAAACAMAMMM,1.9125
AMMAAAFMMAMCAFAFMMACMMMMAMAAFACMMAAFAACY,1.9525
AFCACMAMACAMAAAACAAAAACAMAMMAMMMAAAAFMAF,1.9875
AMAAAMMMAMMSMAMAAFMMACFAAAMCMASLLAAAAMAC,1.905
AAMFAFMAFMAAAMFACMAMPAAMAAMAAAMAMCMAMMMC,1.9024999999999999
TMAMMMAFMMMAMMAAMMAAAMMMMAMAMFAMMATAAAAA,1.7725000000000002
AMMCAAAMCAMMMAAMFAMAAAAMAMMMMMMAMCAMAAAA,1.92
MCCAACAMACAMMAMFAAMAMMAMMGMTMMMAAMCAMAAC,1.8524999999999998
AMMAAMMFAAAMMAACMFAMYMAAMAAAAMAAMSAAAAAA,1.7550000000000001
ACCMMFAAAAMAGMAMAACMMMMFMAMFFAAAAMAMAMMA,1.935
AMMAMMSAFCMAAASAAMMCACCCMAMMMCMACAMAMACA,1.8699999999999999
MACAAFAMMCMAAFMAAAAAACTTAMAMMMAMCAACACMA,1.8575
AAMMMAAMMAMAFMAATATAAAMAAAAMCAAAAMAAACCA,1.7774999999999999
ACAMAMMAMAMMMMMMACMACCFAMAMCAMMFMMMAAMAM,1.9875
AFCMAAAAMMCAAAMAMAMAMAMMACMAMAMMMCMFAAAC,1.975
MAMAAMAFAAAMCACAFFAAMMMAMAAMACAMMMAMMMAF,1.9899999999999998
AAMAMMMMAMAAACMAAAAAFAMAAAAMMFAMCMAAAAMA,1.9175
MAMAMAMMMAAMAMMAMAMCAACAMCMAAMAAAAMCMACM,1.9300000000000002
LAAMAAAAAAMAAMGFMAMAAMAMAMAAAFAMMMFMAAAM,1.9024999999999999
CAAMAAAMMAAMFACAAMMAMMMAMAAACAMAMMMFMMMM,1.9475000000000002
FMAMCACMAMAFFAAMMMAAAAMAMAMAMTMAAAAMMMMM,1.89
AFCWFCFMFCCMCMAMCCCCCCCMFCCFMACAAFAACCCM,2.2399999999999998
MMCFMACCAFCCCAAMFCACAMMCCMACFCCCAMMMACFA,2.2125
CAACMMCAMAAMACFAMACACCCMCFCCCFFMCMMCVACF,2.27
AMMFCAMFCCCALAFMAFCMMFCMACFMCCAAMAFVACFA,2.3075
MCAFFCFCCMCTCCCFFMFMMMFMACACACMCFFCMMCAC,2.25
CCMACCMFCAFAAMFAAFCFAMFMAMAMAACCFFMMFCCM,2.225
CMCMACACMCCACMMAAMMCCAFMCFACCCCMCCMCMFLM,2.2525
MMCMFMCCMCFMACACAAMFMFMCFMMCCFCFCMFFACCF,2.3075
LCACCAMCMFACFCMACMCMCCCCCCMMFACFCAALCMCC,2.3525
ACFAACAAMFACCCMFMAMCLCFMMCFMCCFMAMFMFFFA,2.3
MFCCMCCCAMMFCMCCAAAFFFACCFCAMMCCMVAFMMCA,2.305
FACMMMMCMMAMAAVFCCFMLFACAACMFCCCMACCFCAF,2.32
CCFACAMIMCCALAMACFALCCAFFAAFACCMFAMFCMCA,2.3675
AFCLCFFAMMFACACCMMCAVMCCFMMFCACCAFAAFAFC,2.3625
CMCVLAMCMMFAFMMMMMLAACCCACCCACFCMCCFCFAM,2.3575
AMMAFIMFACMLACCFCAFFFFAAFFFCCCFACCCFAMCC,2.44
CCAMMFMAAMCCFAMFCMLMMCAMFAMAAMAMAMMFCCCA,2.1675
CMACFCFVCFFFAMCMMAMCAAMCAFFCACAMCFCMCACM,2.3099999999999996
FACACAACMACMCFAAAAACFMCFCAMACMFMCFFMFCMC,2.23
MAAAFCAMMFCFCFCMFMMMCAMMIMCCAACCMCACMFAF,2.2649999999999997
CAICFACMMCAFFCALFIMFCMMAFFCMAFACCCAFMFMC,2.4475
ACAFFMCCCCVACCMCMFCACFMFMFCACMMCCACCACAA,2.325
CMMMCMCMCFFCFMFACCFAAFCMICCLCCSCAMAMAAAM,2.255
MFFMFAMFACMCMGCMCMCCAMMAAMFCMAMAMMFAAFCM,2.0974999999999997
CACCMAAFACFCFCCFMCMCCCAMCCCFCFMCCCCFMCAC,2.3575
CMCCFMMFAMCMMMFVMMFMMFAAFFMCCMMCFCMCFFFM,2.3325
MAMAAFLMFAAAFMCCFCFMCMACMMMFACCCMLFLACMC,2.3274999999999997
CCCCMCMACMACMCMCMCCMMCACMCACCAAACFMCACMM,2.1875
AMCMMAMCMCMVCCCACMAVAFAAFCMCCFMMVACFAAFF,2.3475
CCFFMICCMMACMAMACCMACFFFCMAFFMCMFCMMWMCM,2.2425
FMFCAMCLMFMMACCCCFAFFCMCCMMFMAMACAMMAMFC,2.275
MAACFFMCCCFMLAMLCCMAMAMMCACMMCACAMMAMFCF,2.25
FACCMMCCMLAFCCCCAMAACPCMCFCCAMLFFCCCMMMM,2.245
FCACCCAAAMLFFAAMCCFMALCCFCFCMCVMAFFMCMFF,2.4375
CAFFMMFMACAFVMFMCFMLFCAAMACMMFMACCACCMAC,2.3125
CCMAMCFCFCMACFACFMCAMMFFCCMMMCLAMMAAMCMC,2.26
CMAMMMACALFFACCCMACMMAAGCCACALCAACMMAAFC,2.1525
MAFCMFCMFCCCCMMMCFAFCFFMCAMCVMCMCMCCACAC,2.3425000000000002
FAMCACMFMCFMFMFMMFACFMMFSMMCCLMFFMCCLCMF,2.3024999999999998
CFAACACACCAMAAAAMFFAFFCMCACCCMMCMCMMCMMA,2.1774999999999998
CFACFCACMMMCMACFCACCMVACCCAAMLCMACACFCMF,2.335
AMMAMFCCFCLACAACMAAAACCMACMMACMMAFMCCMCF,2.1875
MCCCCCCCFMACMMCLAMAMAMAFFMFCACMAFMAAACIF,2.3024999999999998
FMMCCCMFAMAMMMLMMCAFAACFACACMMAMCCFCFFMF,2.2575
MMCFAFFCMCAFCCCCCACACMCFCCCMMFGVAAMFAMFA,2.27
FCFFALCMCFMFCACCAFCCAAMCMAFACMACACACMMAC,2.2875
AFMMCMCCMFMCLMACAMAMMACMMLAMMAGAAAMAAAAC,2.0524999999999998
CAFCCAMLCFFFCFFCAAFMCAFCMLMFMACMMCFFMMCC,2.4074999999999998
MFMMMCCLMAACMCCMMFCCCCCCFVCMMACCAMAMCAMA,2.2800000000000002
ACMAFVCAMMMCCMCAMYAFCCMCMCMCMCACCMFFCMCM,2.1774999999999998
MAMCCFFCCFCMAFVGCMMACMMCAMMCFFCFMAMCMMCF,2.2474999999999996
AFVCAMFACCFFACAMCMCCAAMAMMCAAVCMLAACMCCF,2.325
ACCFCACCCFCAAMLACCMGCCCFACMGCAACMCCCFCAF,2.2075
CCCCCAFFFFMLCAGMFCMCMFCCMFMFCCMCFMAMCCCC,2.34
ACCFMCACAACCMACMMFMCMMCAWCVFAFMCMMAFFFCC,2.2199999999999998
FCMCCLFMMFMCCMCACMCFCACAFACAMACAAFCCAACM,2.2824999999999998
CCAFAFFACAMAMCAMCCMCFMMMCCFCMALCMCMCMACC,2.2649999999999997
MAFCMCFFCMCMFACCCMCFCMAMCMATFMMCFCCMFACC,2.2275
CVCFFAMMMCFMCCCMFACMFFGAAFMMCAAIFCFMCMCL,2.3649999999999998
CACFMAAMCMCAMMCVCALFCFCFACLAMCAFFLAAFMVM,2.44
FACFMAAAAMFAACMFFMMMAAMMLCCMMLMCMMAAFMAM,2.175
FAMACCAAMAMMFMCAAACMVACAFVCCACFCAAMCACMM,2.2350000000000003
AMCFACFMMCACCCFFMMLWCCCAMFMCFCCMFFFCCFLF,2.3724999999999996
FCMCMFCMACMMCMAAFFFCCCMMMACAMFFCFCCAAFCA,2.2775
CCCFCLCMCCMAACAAAAFCCFCAFAFMAAMCAFACCFAA,2.2800000000000002
MCFAAMCCCIMFFLMAFAMAFCAFFFMCMCCCACFMMAMF,2.3675
MFACAMMACACCCCMCMMMMMCAMMAAACMMLCVCFCCVF,2.305
MACMFAAMAFMLFFMMAFMLFFMFAFCACCACFMCAAMFM,2.3075
LAALFAAAMFAAFCFCMACCCAMMMCMFCACMAFCVMMCC,2.325
CAMACAAMMMAAFMMCAFAMCMAFCCFCFACMCFFMCAMC,2.195
CCFMMCCMMFCMFCCAFCCFLCMMMMACMFFFAMFMCLFA,2.3899999999999997
MAACCMMMFCCLFAMAMMACAAAMACMCFMAMMMAFFCFC,2.19
MFMFAFMMCCFFFMACCMFCMMFCACACFCCCMACMAMMC,2.2824999999999998
MMCCMMVMFMAFFMACFIMCCMFACCAACCFFCLAVMCCF,2.4724999999999997
VAFCCMMCCCCAAAMACCFMAMVCMCCMMCCMMMCCACFF,2.3274999999999997
AFILFMCCCCACMFACMMFCFSMACMGMACMVCCAALCCC,2.2975
FMFFCAAAAFCMLAFMFMMMFCCLFMFCCFFMCFFCGAAM,2.3325
FCCCMFAAFACALACCFFAMCMCMAAMAMAMCCCAFAMCC,2.2475
CAVFMMACAAMMFACAMFFAAMCICFCAMMMCMCCCMFMM,2.2849999999999997
MAMAFCMFAAFMAMCMMMAAMCFACCMMCMCCCACFACAF,2.1725
FAFMACMCMMCACMFACAFFLCCFFAVFFACMAACCMAAL,2.3775
MCAAFFMCFCFFMCCMCMFFFCFAACMCAACMMCFCCCCA,2.3325
AAAMCFFCMCFCCCCFFAMMAAACFCCMCCMMFFWACCAC,2.2125
CMMACAMCFFMACCMCFFAAMMCCMFAMAAALMAAMCAFC,2.2024999999999997
ACCCMCCCCAMMCFMCACFAAAFCFCCCLAMACCCCAMAA,2.2800000000000002
MVCVMFFMACAMAMCMCAACMAMCFMAFVAFCFFCAACCC,2.37
FMAMFMCCFMAVMCMMCMFFAFFFCMACCCLACCFFCMCC,2.4125
CFMAFSCAFACFFMLCFMSMCCFACCMMCFGMMACCAFAC,2.12
FCCACACMCMCFCFCFAMCCFFMICMAFMLFMFFCAMMMC,2.42
MMFAMCMCACFCAAAFCIAAMACCLFMMCAAFVMMCFACC,2.3425000000000002
AMAFCMMCMCCAMSMMMLFMLMMFMMFMFACCFMMCFLCC,2.2575
FMCCCFCAACCMMMMFCCMCCMMCCCCAACFCTACMMAAF,2.185
CVCFCAMVCMCMCMAFACCMMAMCMAMMMFFCCCACAACM,2.295
FCCAAFAFMTCMCCVFCFCMMFFFFAFFCAFAAFAAMMFM,2.305
MAFALMAAACACAACMMAACFAAACMCMCCFMFMMFCFMC,2.2
CCMMCFMAMMFAMCCCCCCAMCCACCAFMCMCMAALCCCF,2.29
CLFFAWFFCAAAMACAAMACFCMMMAMFMCCCMMAFMFFM,2.175
CTAFCMACMAMFCCMCCFAFMFCCFACAALFACFMCFMAV,2.3
FMMCAACAVMCMAACCVMCFFMCAACAAVLFCMFVCAAAF,2.4325
FCCCFMACMMCMMMFACCACMMFATCCMCFAMACCCAVAF,2.2175000000000002
CLAFFCLFCFACACMLCCAFACCFFCTFFCMFFFCCFICF,2.555
FLCFVCMFFAFFFIFFCCFCCAFCFAMMLFFFFVFFCFCC,2.745
CFVCMACVCLCCCCFFFFFFMLACCCCCMVCFCCCLCFFM,2.705
FIFCMCCMFCCCLFCCFFFCCFALCCFCFFMFCFFFFCFC,2.68
CCFFFCCMLFFFICFMCCFVFFCFFFCMCCMFCFFFFFFF,2.7224999999999997
MFFFFFFFCCCCCAFFLCCFCMFLMCFFMCMFCFCLFFFF,2.6475
FCCAFMFLFLCFFFAFCLVCFCFFCMCCFCCFCLCFFCFC,2.7275
FFIFACMFFCAFFCCCCACCMCFFFCCCFFFFFCFLCFCA,2.61
FFFVCFVCFFFMFCCFCFFCCFICCCAAFAFFCFCMCFCF,2.6875
CFMFCFFCCFFLFMFAFVFMCFAFFFCCFFFFMFCMAFCC,2.5974999999999997
FFFAMFCFCFCLMCLFCFFFFFFFFCAFCCLFFLCLLCFF,2.78
LMCFFCFFMFFVFFFFCMLCFFCALMMCMCLAFAFCLCFC,2.675
FFFFFAAFCAFFFFFMFFCVCMMFVFCILFFCFCACFCIC,2.745
MIFFFCFCCFCFFFFFLCFCFCCCCAFLAFCFFFFFFFFI,2.78
FCFCCLCFIFAFFFCMCCCCFCCMFFAFFCCIMFFCFFFF,2.6875
FCFCFLFCLFCCFFLCCFFFCACCCFFAFFFCFCCFFFIV,2.7975
CAFAFCFMFMFAFFCFCCFMFCFFFFFFFMFLCFFAFFLC,2.6
MIFFFCCMCFFFFCCMLIFMCCCMFMFFFFAFFFFCCCCC,2.6525
FLIIICAFFFCFFCCFAIFFCCLFFFFMFMAACFLFCALC,2.8325
FCFAMLFCACFFCFFFLCCFCCFFCFFCFFMCFFFCFLFM,2.6674999999999995
FACLFLFFFAAIFFFCFFCLCCCCFFLCCMAFFFCFCIIL,2.8474999999999997
CVCFFFFFMMCLAVFFCFFFLMFCAAFACCCFFMMMCFFM,2.5949999999999998
AFCFCMFCMCFCFLCCCFFAFFCCFFMCFFCFMFFCFFCF,2.58
LFFLFFFALFFCFCMFAAFLCFAFFCFFCFCFFMFFFFFC,2.7024999999999997
FFFFMFFFMCFFLFCFCVMCMFLCFMMCFCCCCAMFFACL,2.62
CALFCFLLCCCFMCACLCMFFFFLFFCFFFLFCFCFLFFM,2.775
ACFCFCMFFMFFACCFFAFFFMCCFFLCFFFFFFFCCFFF,2.6075
CMCCFFVCFCCFFCFLCMLCMAFCFAAMLVCFFLCMFCFF,2.6849999999999996
FAFFIFVCFFFFMCMVFFLMCLFCCLCCFCCFMFCAAFFF,2.7474999999999996
CCAFIACCMCCFFAFCCIFFFCFFFACCVMAFFFFVAFCF,2.67
FFCCFFCCFCCFFCGFCIAFCFFCAFFCCFAAFFCFFLLF,2.6149999999999998
AFFCFMLFFFSFFFFCACCCCFCCMCVFFFFFFAFFCCFF,2.5675
FMMFMFFFCFFCCCCFFCLFMMCACCCCLICCCMFCMFLM,2.6
CMACMMLFCFMCFAMCFFLLFLAFMFFCFFCIFFFLMFML,2.6849999999999996
FFALCCFFCFCLCMFFFCCAFFGFFFFFFMCCFFAMCCFF,2.545
LCCFFFCCCCMFCFCFVCFAFFCFFCCCFACCFFFCCFCM,2.63
VIFMLACCFMFMLFCFVFCICMLFFFCFCFLFFVVFFCFF,2.95
LMVFCFFAFFFMFIFAFCCFLFCLFCCCFFCLFIAFCCFC,2.8175
CFCMMFCVFCFFFAFCCCCFCCCFCCLFCCFFFCFCCLCF,2.6725
CFFCFFAFFCCMLFLCCLMFFVIFFFFFFFFFCCCLLFCF,2.8575
MMFCFCCFCFCFFCCICFCCCFLFFFFLCFCMCLCFFLCC,2.7474999999999996
LMFCCFFCCAFCLCCCFCCCFFFSFCMFFCFCCFMFCFFM,2.525
FMLLCCAFFCFCCFCCCIFLCFACFFFIMFFFAFCFMCCF,2.7199999999999998
FFFFCCCLACLCFFVCCCCFMCFCFFIFFCCLFCCVFFCF,2.82
MCFFFMFFFFMCFFAFLFFCFFFFCFFCFICFCCCLFAFF,2.7075
FCMFFFFFCCAFMFFFCMFCCCFLFLFFVFCACFFCFLCF,2.71
FFFFMFFFCMCLFCFFMAAFLCACFLCCCCFCCMMFFMFL,2.6075
FMCCFCFFFFCFCCCFCFVGFCCMFLFCCCCFACFLMCCC,2.5774999999999997
LCLFCMFCFFFFFCMCFFCFFFMCVCCCFAFMFFLCFVFC,2.7399999999999998
MFCCCFCCMMCFFFCFFFLCCFCFFMVMFCCFCFFFMFCF,2.62
FFFCFFAFCCCCFCFFFCCICFVMFCFFFFFFFAFFCCCF,2.7075
CCCLCFCFFCFCLVMCFCCFCFACCFFACFMMFCFCFFFC,2.6399999999999997
FFVCFCLCFFFCLCMCCCFCCIFFVCFFMCAVCFMCFCFL,2.8175
FCFAFMFFFCCVMFFCFFFMCFFFFCFFCFFAAFMFFFCV,2.645
FCMCCFVLFFCCCFFFCFAMCCAMCFFCLCFCCMMCFFFF,2.61
CCCCCLFIFCCCCCFAMFCCCFFFFLFFCCCFFCCACCCF,2.6625
CFFMCCMFCFFMFFPFFLCCCFFFFFFFFCFAFFCFCCLF,2.565
LFFFAFCLFMCVAAFMCCCFCACFFFFFFFFCLFFCFCCF,2.6825
FFFCAFMFCFFCIFCFCMCFFCFMVFCACFFFFMCCLCCC,2.6574999999999998
MFCFFMFLAFFFAFAVCMCFFCVLCLCCVFCFFLFCCFFL,2.8125
ACLCCMCFCWMFLFVFMCCFFFVFFFAFCACVCFAAVFFF,2.63
FCCCFFLCMMFCFFFCCFMCCVCFFVCVFFCCCMCFCFFC,2.7125
CCCCLFFFCCCFCFFLFCMIFCCCFMFMCFCFFCIFCAFF,2.7224999999999997
FFCCCCMFFFVCFFCLMICAFCFVFCFCCCFFCFFFFLCF,2.7875
FCCAFCVFFCMFMFCCFCFFMMFFFCACCFAFFLFFFCFF,2.6125
CCFLFCLCFFAFFMFCFFIAFCFFFFFCMIFAFIFFCLCC,2.8075
FMVMMFFCCFVFFCFAFCLCFMAVFVVCCCFFAFLFCCCF,2.7775
AFFCFCFCLCFMFFMFCFMFCCCFFMFCFAAMLFMFMMFL,2.5524999999999998
FFCFAFFFFFFVFLFLFCCFCMFCLCMFMLMLFFCCCCFF,2.77
CCCFCFFMMFFMMVFCFFFFCFCMCFFMLCFFFCCCFCVV,2.6975
FMMCAMAFLFCMFMFFACLCMFFFAMFAFCLFLFICCFFC,2.6
VFCCAFMFVCCMCAFFCCMCMCFAFCFCFACCFFCCFFCF,2.5599999999999996
FCCFFCCFCCFFFCAFFFCLFFMFCFCCFAFCFCFCFFFF,2.6475
FCCFFCMFVCLLMFACCFMMFVMFLCCCMFCCFVMCCCFF,2.6925
CLFACCFCLFLCFCFVFCFFCCFMFLCACFVLFLFFFCLF,2.8825
FCFFCFLCILCCCMFFFCCFFMFACFMFFVCAFAGFFCFL,2.6475
MCACMLCFCCCFFCFFCCFFFFCFFFLCCFFCFCFMCVCC,2.665
MCFMFFCCACMCFFFFFFMFMFACFLFAFCFCLFCFIMCC,2.6
FFMFCFFCCCMLFFAMFAFCCFFFMFLFMFFMFFCFFACM,2.5575
MFCFFFALCCFFFLCCCACFFFCCAFCCCMAFLCFCCFAF,2.5925000000000002
FFFCFCIAMVFCAACCLCCFFMCFCFFACFFFFACCCFCF,2.6275
IVCFFVFFCFLICLCCCLMACFFLCCCFFIMCFAMLFFFC,2.915
CCMAFFFAFFFFFCAFCMFCFFMFFCFFCFCCCVFCACLF,2.6025
FFFCMCCFFFLCFMMFCCMFFCAAFFCMAFFLFCFFLFMF,2.5974999999999997
CFCFFFFLMFCFFFMFCCMFCMFCMMVFLCCFFFCCFCMF,2.6375
CCFLFFFCFLFCMMCFCVFFLFFLFFCFFCIFFCCFFFCA,2.825
ALMFFCFFFFCCVCCCFLFCFCVFMFVCFFLCFCLCFFMF,2.8225
CFFCCFFFFCFCCMMCFCFFMFFCFLFFMCMMFCFCCFVC,2.62
MMCFCLCMLCCMFFFFFFVCACFFFCFFFCCCFLLFMWCF,2.6149999999999998
MFFFCFICFFFLFFFFCAFAFCFFLMACCMCACMCFCCSC,2.5225
FCCVFVFCCFCCCACFVMFCMCCAFCFLMMFFFCFAFMCC,2.63
MCFCCCFLFMFVFFMCALLACMMCCLFFAFFMMFFFVFFC,2.67
FCMMACMFMCCMFFMFACFCFFVLMFFFFACCAFCCFFFA,2.5025
FCFFALCMFCCMLCFCFLLMCAFMMCCFCFFFFCMVCFFF,2.6599999999999997
FVFFFCCFFFMFLFFFMFCFVCCMCCLVFCMFFMCMCCCF,2.73
FCCCFCFACFFFCFCFCFCMFCCCCAFCLFFFAMLCFCCA,2.5774999999999997
CCFAFCCMCMFCFFFCFCFFAFFFCCACMCFCMAFFFFCF,2.505
FACMFAFMLCFLFCFFFCCCCMMFCFFAACFFFCVAFFFF,2.5949999999999998
FFFFCFFFAAFMFCFFACCFFLLFCCCFCCCFFFFAFCCF,2.6375
FLMLCFFCFFFCFIFFAFMLCCCFFMLCCMMMFCCCACAF,2.6425
ALCFLLLICFMLLLVCLFFLCVLCLMMLAFVLLFLILFFL,3.2600000000000002
IFICVCLMVLFCFIFFLFILVFFMFILFCFFFLCLCFILM,3.2475
FFAFVLFFFFAFVLFFILLLFLFFFCVMFCFFCFLVFCFL,3.0799999999999996
CAVCCVFCFLCFIMVCVVLIIFVFCCLVMLALLFLVFFAV,3.2375
VILFCLFVFCFCFFFVIFFVLVLVFILFFLCFIIFFFFCF,3.335
IFCFFFLLFFFMFFFLALICFFCLVFCVICCMLCCILVAM,3.0725
FLFCILFCFFFMILFFVFLFFFCCLFFIICMLFLFFFLFF,3.1224999999999996
AFLIFLLFFFFLFFFFFLCVCVCFVLVMVCMMVFCFMLCI,3.11
LCCLVCFFLMFFFFLFLCCFFFLFILFFIIMMFMLVCCFC,3.0475
VLFFLLACCICVCLFLLFIFFLLLALVICLACFFVVLMLI,3.3274999999999997
CVVLCFFLCFILFFFFCFFFFLVCLFLCFAMCVCLCFFLC,3.0599999999999996
CLFFVCILCCCFCLFAVCFCCFCFCVIFCLCVCVFLMLLL,3.1075
ILLLFMCCCMLLLMLFFACLFFILCFFLLFIVFLFFFCFL,3.15
LVFCFCVCLFCLLLILLCVFICFLFFCFFMAFVLFAFLIA,3.1675
LLALLMLLMFCMCFLLFVFIFFFFFVFALFLLFCVCCVVF,3.1375
FLLLCFFFFAFLLLLCCFFVLCCCCVCCMLFFVLVMFCFC,3.0375
FLFVFLFVFFCCCFCFFVLLCACAFLFVIFLCFACILLFL,3.1149999999999998
FCFFFCFVVFCCVLFCFIFFLCMVFFCLVFFLFFFCLVLF,3.12
MFMCFFCLALFFVVLLFLFFCFLFMFLCFLVFVMAFLCVF,3.0225
CLFVLLLVMCLVFCCCVCFALFVFCFFFFACILCVFVVFL,3.1825
ACCLALLIMFFVCCCCLCVMLFCLLLLFLAMCCFVALFFV,3.0149999999999997
MIFFLCVCICFFCILFLCCLILFCLLCMIFICVCCLFFLF,3.2225
CMCVCLFLCMCVLFCFMLIMCFCMCFFLLICLFAFMIVVF,3.0075
FFLVCLCFLCVFFCLVFMLIFVCLCLCCFFLLFFLFFMLF,3.1525
MFCFLFLFFCIFFVCFVFFCLFFFFCCLVMVLFCFLCVFF,3.0625
FVVCFFCCLCFFILFLMLFLLILCFFVFFLLMLVFFCLVF,3.2449999999999997
FVFALLLLICLACLFICLVLLLFVVFFCIFAMLLLFCCAL,3.25
MFVLFALFLVFCCLLLILMALFCIICFFCCVLFLICFFIC,3.2125
VFCLLLFFCFMCFFLCFLCVFFFFFVFFFFIFFFCLFILF,3.0974999999999997
FLVVCAFFLLFFFVCMLLILLCIIFVLMLFMLLIFMMMVV,3.2725
LLAFCLICFCLCICCLCIFFFFLCVFVCLVFVVFFLLCFV,3.2625
FFFLLCLMVLCLLCFFLVFCFVVLCVFFFLVFLFCFCVLI,3.2875
PLVCVLCFLLCFILICCLFLIFFFILLFMCFFIFVVFVVF,3.2700000000000005
CCFCLVCALLVFVCLCMLAFVLIVFCMVLACACFFVFFFL,3.075
VVILIFLLLCMIFCVMLFCLFLFLFFCIFLFLFFAACLCL,3.2350000000000003
LLAVFLFLFMMVFLIFLMLLCFLFAVLIVLMLMMLFCVLL,3.2350000000000003
IFVVLFFLALCCCLFFICLVFVCLAFMILVLCIVFCVMLL,3.3175
CALFFILFFFLICLLFLLFFVLCFIFFVMAFCLLCLCLFC,3.1725
FFCLMFLFLFLVCLLCLFFMLVCLMFVFFALLLVMACLCC,3.0725
LLFFCFCALVCVFCVFFLIALCVFMCCMAFFFLLLCCLLC,3.0375
IFLLLVFFCFCVIICIFCLFLIILIIFFFFIVFFFLFILF,3.5
CMLLIILMFLFLFCLFLFLVLIAICLCFLLCFVFVMICML,3.2824999999999998
VFFFFLFLVICIVFCFFLFFLFLVFFLLMAFLFFVCLFVL,3.275
LLIILLLVCFFCMFMLVLFFLCLCLFLLLVCLLAFVMMCL,3.2649999999999997
LLFLCIVCILCCLCFFFFMFFVFLLLILLLIFVICLLLFF,3.4
FLAFLVMCLFFVVLFFFFCCCLCFLFVLCCMVFCFIFLVC,3.1149999999999998
CMIFCAFLLLVFFFCLLCLVVLFLCFLFLLLMCCFICICL,3.2199999999999998
VLFCLFMFFLMFCICLLLAFLCVIICLFFCCLFLVLIICL,3.2875
FFVLFAVFVFLICFGCILAILFMCLLCLVLLFFFVCLFFI,3.2049999999999996
FVFLLLLFFCCCFLFFFLFCFIFVCFFLVLVFFFVFFFLV,3.2399999999999998
LFCFFCFFLCFFFLFLFFCFLLFFFFLFLVVLVFAMMFFF,3.03
FLFLVLCFLCLFLMFLFVLFFIFLLCIAAFCFLMCFLCCC,3.1
FLLLMCFVLFILFFLLFLLMFLLVLMLLFLFVLFLFLLLI,3.415
LLVCAVCFFFFIFVFVFVLLFLLFIVLMLCCLCFFICIMF,3.29
LCFVFLLMVCLLMILFLALLFLLLCILLLVFFFLLMVVFV,3.405
VVCLCAFFLLLCCVFAFFLIFLLLFLVFMICLFLVLLFFL,3.3
LFAVCLLLCFLIVVVFVCCLICLFCCFMFLMLLLFACCLC,3.19
FLLICCFCCVCLFFCFVVLFMLFFMFFCMFFLLFVILIAF,3.1224999999999996
LLLALFACFMVVLLIVIMCLCLLMFCFFCLVFIIFVLFCL,3.2825
LFFICFVLLLFFFCCCLLMIFFFLLFILLCFLILCLCFAC,3.2225
FFVVVLVCFCICFFFFFAFVFVFFFVFFLFFLFLCLFCVF,3.1849999999999996
CVCCFLLCMFFCCFILFILCLILCAFFFFCCCCVCIVVCV,3.1425
FCFCLVLFLLLFFLCVVFCMVCLAFLVFIFVAIFCFFFFL,3.2024999999999997
VFFLFCFLCFFMLLVVVLCFCFAFLFFFIVFLCICAVCFF,3.145
LFFLIIIILLFLLCVCFFLLLALLFFVLFVMIALFFVCCM,3.3525
IFVCCLLLCLVFLLLLFFLLLALAFVFFIVVAFLFMLFLL,3.34
LLFLFMVLICVFAFCFVFVCFFCLLLLFFFLLCFFFLCIF,3.2074999999999996
FMFMCVFCCCCCLFLFFIFAFLCFLLVCVFFLIFMFCCFI,3.0149999999999997
FLCVAFFLFCCFLFLLCLFLCFMCLFMVIFVLFLCFLFLF,3.125
IFFMFCCCMVCILILVVCALCVMLLVFLLFLFMCFFFVFL,3.195
IFFILLFFFAIACVVFCLMCFVCIIVMFLCCCFLCCMFIL,3.1599999999999997
CLIFCVAFLFMMLFLICFLLACLFFVACVIFVLILFLLFV,3.2625
ALACMLFVALFVFVVMCFILLLFLLFLVFCVLFFFFLFFI,3.2275
LCFLFCFCLFLLCLCFCFIFLCCFFLVACAMFILALVVLF,3.1
FFILCFVMLFLLVVFALFIAMVVLILFCFLLLFFLCILMC,3.2975000000000003
LFVFFCFCLFALFLLFLVFICVLLLCLCFVFLALLCVFFF,3.2475
LLCMCIVFVFLFIFLFCLVCLLLCFLVFFLLFACLLVFFL,3.3175
CALAFCVFFCMVLVLVFFILFLMCCCMCFILFLCFMLFCC,3.01
VVLFMCLFFLFFACVLCFCLVMFFLAFIFVFFAFFIFLVV,3.1550000000000002
IFCCLLFCFMLLFFCLVMLAVFFFLLAFLMMFFVLLVILL,3.18
FVLLFFLCLVVFCVLLFCFVFMFCIFLCLLFLCLMMCCCF,3.1574999999999998
MICIVCFFMLLLCLFMLLCIFIFIFCLFLVFALCLFFLLM,3.2225
FFFCFCLLLIMLFCMCCMLCFIFACLLCVLCFCLLICIAF,3.055
LFLFCLCLLFLAFFCLLALLVFLAVIFVIAAAFLLFLCVF,3.195
IFVFVMVLFVFVLLLLFFCFCCAALVLCLFCLFFFCMVFL,3.1975
CCFCCLLLMIFMVVLFLFFCAFFCAIFFLFCLFFCLLCLI,3.085
CILICVLVVAFFAFMCAVFLLLCLFCLLFLLVLFLCLCFF,3.2350000000000003
FALVFCIVIMLALFVLCLLVCFMFCLFCCLLLLCCLFCMM,3.1175
IFLVAFLICLIFFCLLLFVCMCLAMMFVLFMFFLMCFFMF,3.0349999999999997
FCVLFLMLFCFFVCFILMALLCLLVLLLLALFMICILFCF,3.2199999999999998
VVVMFVLFFFLLLFLCLFFVFMFFFAIALFALFFALVFLM,3.1275
VLFCFFCLFFMLCFCFLCMLFFLFVMFVCLCVLVMFFCLF,3.05
CIFLFVFFFILLVFFCFLLLICMCVMLLFFMVMLLLFVLL,3.3074999999999997
FVFLCFCLILVCVFFFFVVLVFFFFFLLIFIFFLLILMFM,3.3375
FFFVILFCLLLCCVFIFLLFMFMLFVFLFLLFCVFFFLFF,3.225
LLLFLFLCCLVCALCFFVLLFFIVMCLCCLFIFFFCCFFF,3.15
CCVLLAFLFLCLLFFCCLFVICLFLVFFFFFMVFCFLMLL,3.1599999999999997
MVMFVVVLFVCMFLFLLLICFFAIFFFFLFFVVCVFLLAC,3.2175
MCFFCVCCLFCLLLLFFFFLCFCVALALCLCILLCCVFVL,3.1275
AFLFFIFLLCLCFFCLFILLIILFCFAVFFVCLVLMLCLL,3.2824999999999998
LLALLLVLLFILLLLLVCVVLLLLICIFVFFIIILILILL,3.775
LFLLFLFVLLCLLVLLLVLVVVVCLCLIIVVIVLIFLLLL,3.7725
CLLLVIILVLIVVLILLVLLLLLLCILLLLLLVFVLLILL,3.8850000000000002
LLVFLILLFLLLLLILLLVVVLIMILALLLILFILLIFII,3.8
LVLLFLLLLFVLIVVILLVVLLLVLILLFIVLVFLLLLVL,3.87
IIVLLLILLIVLILVLVVLMVILLLLILVLLLVVVLFLLL,3.95
MLIVFLVILLILVLCVCLLVVLCVLLLLVVLVVVLLIVLL,3.8299999999999996
VFLLLLVVLLVVLVVFILVCCLCCLVVFFLVIILACLVLL,3.66
LLLILLIALVVFLILCLLLLLLLVLVLLLVLFVLLLLLLL,3.78
VLLLIFLLLVLLFCVLVLVVVVVLVLVLVLVLFLIILFLC,3.8175
ILLLLLLLLVFVVVVLLLVLLVVILLLLLLVFILLFVLIC,3.8625
LIFLIVLLLLLLLFLVCLVVVLLLLLCLLLVLVFFMLVLV,3.7125
LCLFFALFVVFLLLLLCLVLLFVFLLLVVVLLLLLLFLLF,3.5549999999999997
VFLCLLLVLLILVLILFCFLLVLLILIVVLLLVLLLLIVV,3.8375
VFLLFIVVIILFIMILLAVVFLFLCLLLAIIFLIMVLLLF,3.5975
ILVFIVVLLVLILMLILILLLLVCIFILVVVFLVCLLVVL,3.845
FFLFCVILLLVLIFFLIIVVLLLFFVLLILIVLVFFVFLL,3.7024999999999997
VLVLLIVFLFLVVLLVVVIVLCLVLVLLLLVLVFLLLVIV,3.8950000000000005
VLFLLLLVLLVVLMFLVLLLLLILVVVILVVCVLVFVLVL,3.8200000000000003
VLLLVFLFLIVFLLILLVLIVLVALVLLLLLLLCLVCVLL,3.7525
LLFIILVLLFILICLVLIFVLLICVLVLVLFIVLIVVLVF,3.85
IILFIVLLLLLFLFILFIVVLVLLCLLLVLVLLVFLLLVC,3.7775
FVILLLLLLVVVFLILLLLILIFLVVVVFLLFLLLLLLLV,3.835
LVCLLFLFLLLVFFILVVLLLLVVLILVCVILCLAFVLLL,3.6700000000000004
FLLLFILIIAIILIVLIVFLLLLVLILVLFLLILLLLIVI,3.8924999999999996
VVLLLVIVVLCLFVLLLLLLICVLLLMMLLIAILVILLIL,3.75
LLVLLLLLLALCLLLLLLLILCIIIVVLVLVALLFILFCI,3.7074999999999996
VFLLIVLLMLLFFLVLVLLLFLVLLFLLVFCLICLLLLLF,3.6074999999999995
VLAFLLLCLVLLALVFLVLVVFLFVVIVVLLICIIILMLA,3.625
LLIVVVLVLVVLLILVVVVLVLVLCIMLVLLLLLLLCVVC,3.8575000000000004
VLLLVVVLLMLIVLLVIVLVAVLLLLCVLLVLLVIILVFV,3.8549999999999995
ICILLLLLVLLLMLVLLLIVFLVLLCVLLCMLVLVLVVFV,3.71
LLLFLIFLLVVLFCVVLLLLVLLLLLILLLLLLVVLLVIL,3.825
LLLLVILLILFVVLLCLLVVLILVLVLLIVVICVCLVVIL,3.9025
LLLFLILLLCVLLMILIVFLLLIVLLLLLLVVVMLVLLVI,3.79
IFLLICLLLLVIVVLLVVLMLVLVVILFCLCLCLLLLLVL,3.7325000000000004
LLILVLVVFILVFLLLLVMVLLVILIALAILLVIILVALL,3.7649999999999997
VFMIVLFLLVLILLIIFLVCLVFLLILILLLILIMLILIL,3.7975000000000003
VLLLFVLFLVVLVVLVVLLFLVLLLVLFLVFLMICLFLLL,3.6975000000000002
VILFVVLLVVALVALLLVLLFVVILLVLLILLILLLLLLV,3.8299999999999996
VALLCLLLILLVLVIVLLLFLVFFILLCLFVILVLLLFIF,3.6925
LFVVLLLVILLVCLILLVILLLLILLLLVFVLLLLFVLLV,3.8525
ILLLILLVLLCVLVLLVLVIVLLLLVLIVLLLLLVLLLVL,3.9375
FLFVFILLLLLCVILLFLLMFILILILVMVVLLIFCIVLL,3.6725000000000003
LVLLLLFLLLVVLLLVLVLILLLLVVCVCFLLLALLVLVL,3.7525
LLLVLLCVLVLMVVLFLFIFLLVVLIVIVIAFIIVFLLLL,3.75
VLVLLLLLILLVILLLFFLLLLVFLLVFLLLVIVLLLVVV,3.8525
FLCVLVCAFIILVVFVLVLLILVLLVLILILIVILLILVF,3.825
IVCLLVFLLVVLCLVLLIILLILILLLLLIVLVLAILLLI,3.87
IVCLVLVCFALVLVVFVLIFLFILLIVLCLIVICLLVVIL,3.7525
FVVLIILLCVLLVIIIVVFFVVLIVLVLFLLILLLVVLVI,3.9375
VVLVLLLVILFLLLALLVCVLLLILLLLLVLVVIIILVIC,3.8649999999999998
ILLVVLLAILVFFVVFLLLVVCLMLLLCLLVVLLLLLLIL,3.7049999999999996
VVLLVVIALCLILLLLLLLLLALVLVVLMVLLLVCLVLVL,3.7325000000000004
LLVVVLFLLLLLLFLVFVVLCLLFLLLLFLFLAILAVLVI,3.6324999999999994
LIILLLFVVFLVLVILLVLLIFLIVLILLLLVVILLVILI,3.9725
IIILLLLVVLLILLVICVLLVVLFLILLLVIVLFCFFLLV,3.8475
LLLVLLLLLLLILCIILICLLILVLLLLCLLFVCLLIVML,3.7424999999999997
VIFLFLFLLIVLLIIVLLFCVVVLFVLVVLLLLLVLVLVL,3.8325000000000005
FFFLLLLLLMLLLLLLICLLLLLLLVILLLLLLVVVIVLC,3.715
LLVILILLFLLVLLVLLVLVCLILLVLLLLVLVLLVILLA,3.8525
VVIFFIVFFVLLLLIFFLLLLFLLLFLMILLLFLLVIVCL,3.6424999999999996
FLLVFIVFVVLLFLVLLLFLLVVLLLVLLVLCLLFIVVLL,3.7625
LFIVLLLIVVCILVICLLILLLLLCLLFLLLVLLLVVLVV,3.8299999999999996
LVLLLLILLFLAFLLIVFVLLLLLLLILLILVLVFILMVI,3.7674999999999996
LLFLCLCFLLLCLILLFVVLVVLLLLVVAIVLLLCLILFL,3.6424999999999996
LIVLIVFVVFVLIILLLLFVVLCVLLVVVCVFLVVILLVI,3.8899999999999997
VVLCVICVVLAAVLLVLVILLLILIVIFLVLLVLMLILML,3.7299999999999995
LLVLLFLLFLIVLLVLLLVLIFVLLVLFVVFVILILLLFL,3.81
LLFLMLLVLLLVLFLCVLVFLLVLVLALLVVVILLLLALL,3.6525
FVLLLVLILLVLLIIVCLIILLVLILLILFLFLLLFMLLV,3.8024999999999998
LCVVFLVVLLLILVVLLLLLVVLLVILLIFLLVVLLVILV,3.9174999999999995
LFVCILFLVILFLLCLCVLILCILVVLLVLVFCLVVVIVF,3.71
VLLLLFLLLVVVLLLLILLILLMFLVVLLVMLLIMFLCAL,3.6225
CLLVLFILLIALFLIIVLLILLALVCLLVLLLLILLVFLL,3.715
LIIFLLLLVVVFLCVLLLLLLLAICILILLFFILVLLVLF,3.725
LLLVLVLLLILLVVVVLLLLFLMLVLLFCLVLLFFLVVLL,3.7375
LVLILLALLILIVLLLVVLVLLVFLLFLVICCLVLVLVLL,3.8049999999999997
LLLIVLVILLLFVVVVVVLVICICVLLLLLVVILIIMLLL,3.905
LVVCLLVLMLLVLLFCLVVVLLCMLVLVIVLLLLIVLLIL,3.745
LFLVVLVIFVIVILLCLLVLVVILLVLILLILLCLIVLLF,3.8825000000000003
ICLVLLLVFCILIVLLCILILLIVLILLCLILLILMIVVF,3.8075
FVLLLLLVVVVLLLVFFLLVLCLLFIILVLLVLLLFLLLL,3.7674999999999996
FLCVVLILLLLLILLFILIVVIILLFLLVVIFVCLVLLLL,3.8375
LLVLLLVLICVLVLLLVFLVLLLCLLFLVLLLLCLFVVIL,3.7525
LVLILLLIVVVLLLIVFLLLLFLMIIVLMFILLLVIVVIL,3.8600000000000003
VLLLLLCLLLVILAFFLFLFLLVLLIVLLLVLLLIILLLV,3.7475
LVLIVVLLLVLLVVLLVFLLLILLLVVILIILFILMLALC,3.815
LCFLLVLLLVVLLLVLVLLLIALIILILLLVILILLLVVV,3.8875
ILLLVVVVLLLFLLLLILVLLVLLLLVCLLVMLVLLVLLV,3.84
LLLLVIVLLLLCLLCLLVVLCVLLVVLLIVLILLLVILLL,3.8625
LLLIVLLLLLLVLLLFLVIVLLILLLVVVIVIFLVLVLFL,3.9125
VLCLLVVFLVILLAFILIVLFLLVLVLVLCICLLFVVFLL,3.6975000000000002
VLLLCVLLFLLLLVVVVLLLLILVFLVFFVLILVLLLLLV,3.8125
LFLFFFLLVVLVLLLVILLVLVLFVLFLLLIILLVVLVCV,3.78
IVVVLALLCLLLCLLLFLLVLLLFLVLFLVFLIVLLLIIV,3.7350000000000003
LICCAVVLLLMVICLAFIFILLICMLILLILVLVLLLFLC,3.54
MIFLFLFLMLVILIVIVLLILVLLLLCLLVVLVLLFLCVI,3.725
LILILLLFLCLLLLLLVLVLLVVCICVVVLVLVLLIIFLL,3.8299999999999996
LLLFLVLLVFILLCLVVVLLLVVFVLFLLVLFVFLLIVLL,3.7625
LVCIFVIILILILLLIVLVIIIVLVLIVLLIVILLFLLLV,4.0175
LFVIVVVIIVIVVLVAIVVVVVLVVIVIIIIVVVLIVIIV,4.1625
ILVIIVLIIIVLVVVILIILVLVVLVLLIIIVLVILLVIV,4.1850000000000005
IVVVVVIVIVLVIVIVILIVLIILVLIVVILLLIVVVVFI,4.1825
LVVLIVLVIVIILIVVIIIVVVVILVIVLIIVVILIVILI,4.24
IVVVLLIFLVVIIVIVIIVILILLLLVLIVVVFIIIVVLV,4.1274999999999995
ILLIVIIIIVCIVVLVVILLVIVIVVVIVIIVVILVIVVV,4.21
VLVIILFVVVLVIVIIVILVLLLVVIVIVIVIVVVVVIVL,4.1674999999999995
VVLLIILVVLVVVIVILIVIVVVVIVVVVVVIIVVLVIVV,4.215
LCVVILVAVLLVLAVVIIIILVVVVLIIIVIVLVIIIVLV,4.0375
LLVIIVVLIIIVVLIVLLVILIVIIVVVIVLILLLVIFII,4.1674999999999995
VVIVCLLVVIIVLVVVIVIIIIVIILIIVLIMVVVLVILV,4.135
ILIIVVILIVILLVLLVIVILVVVIIVLLILVVVVVVCII,4.154999999999999
LVILIIVVIIVLILMVVVIIIVFVLVIVFMIVIILIICLV,4.015
VIVLIIVVIIVLVVVVFLVVVVFCIFILVVIVIIVVIVVV,4.095000000000001
LVIIVIVVVVLVIIVLIIVIVILVVIVVVVVFVIVLLIVV,4.195
VVCLVVVLVLVLLLVVIVLIIIIILVVIIVVVIVLFILVV,4.0975
IVLLLVIVIIVVIIIVIFLIVLFLVVVVVLLVIVLLFIVL,4.0675
LILLVVVVVLVVVVLVVIVFLVIVLVVLILVVLVLVVIVL,4.0825000000000005
IAVLMVIVIVVILAIVVIVIVIIIIVIVIVILVLLVVVVL,4.0675
VVIIIVVVVLVIVLVLILIIIVMVVIIIVVLLVVVLIIII,4.1850000000000005
VLCLMVIVVVLIVIVLVLIVIVVVLVLVIVVIIIVIVLIF,4.0675
VFVLVVVVLVIIVIIIIVIILLVIIVVVVVVVFCVLLLVA,4.032500000000001
VVVIIVVVIVVVVIILVVVVVILLVVIILVVIVVILIIVL,4.2299999999999995
VVVVIVILIVVLIVIIMVVVFVIIIVLVIIILILVILILL,4.14
LVLIILLLVIIILVILVLFIVVILILLLVILVMIVILLVI,4.055
VVIIVIFVILVVIVLVIIVLIVIVVILLLLLVIVLVVLVV,4.1475
VIVLVIVIIVIVIVIVVILLIIIIVLIVVIILLIVVIVLL,4.2475000000000005
IVVILLILIVIIVVVVVVVIVILVVVIVLVVVVVVVVVLI,4.215
LVVVIILIVVVIILVIIVVVLLVLVIVIIVIIILFVVLFV,4.1475
IVVIVVVLIVVIIVIVILLVLILVLVLLVVIIVIVVLVII,4.2075000000000005
VVILLVILILLVFIVVIILFVVVFVIIILIIVLLIVVVVL,4.085
LVVVVVVFILIVVVVLILVVIVIVCVILIVIVILILVVLI,4.125
VVLVLVVVCIIIIIIIILLVLVVVILVLVVILVIVVIVVV,4.1674999999999995
IVVIVIIIVIVVIIVLLIVIVVVILIVVIIVLILLILLII,4.255
IVVIILVVLLVLLLIVVVVVIVFVVIIVIVVLLVILIIVL,4.1475
LVVVLVVVIVVIVVVIVVVVIVFVIVVILVLVIVVVFVVI,4.15
VFIVFIIIIIVFVIIVCVLVILVVVVIVVIVIVVLVIIIL,4.125
VIVLVVLLVIVIFVVLIIVIVCVIVLVVLIIILLVLVVLV,4.0975
VIIVLVVIILVVIFVLVVVVIVLVIVVIMILVVLVCVVLV,4.0625
IVIILIVVIIVVVVVIIVIVMVVIILVVVIVVVVVLVVIV,4.21
VIVIVIVIIVIVVVVLILVIVLLLVFIVVVVIIVIFLVVI,4.1674999999999995
LVLLIIVLIVVVILIILVLMILIFVILIVVVLVVVLVIIL,4.0775
ILLVIVLVVVIIVLVVLVLVLIVIIVVVIVVLVVVVVLVI,4.1775
VIIIVVLVVVIIVLLIIVLVLFLVVIVLVVVVILIILVLI,4.154999999999999
LVLVVVVLILFVIVLIVIVIVMILIVIVIVIVIICVIVMF,4.01
VIVVIVVLVVVVLLILILIIVVILVLVCLILVVIFLILVL,4.0775
VVVVVVIVIVVIVIIVVFVIIIIIVILVLVVLVVVIIFLL,4.1775
IVIIILIFLFLVIIVLVIIILVVVLIVCVVILVIIVLILL,4.1
VVVVVIIILVVVLIIVVLLVVIIVIVIVVVLVVVVVIVLI,4.2225
VMVLVAIVLVILLIIVIVLVIVVVLIIILVLVVVLVVIIL,4.0649999999999995
VILIIVILVVVLVVVIIVIVVLVVLIIILVVILIIVVVVV,4.2275
FVLVLVLLIVVVVVIVVVVIILLLVVIILIVIFLIIVVVI,4.1225000000000005
IIVVILILIVIIVVIVVILICILVIVILVIIIVIIVLIVI,4.2475000000000005
VVLIIVIFVVVVILVFVVVIVICVIVIILVVVVILLVVVV,4.1125
VVIVLLVVVILIVVVIILIIFLILVLVIVILLVLVVVVLI,4.1375
VIIVLVLAVILILLVVLLIVVVIIVVIVLLIIVVIIVVVV,4.14
LVVVLILIVVVILIVIVLIVLVIVLVVIVVILILIIVVVV,4.2
VIFVVVILVIVILVVLVIIIIVVIVVLVIFVIIIVIIVVV,4.2025
FIVVFLVIVVVIVVIVIVVVVVIIIVIVIVICLVCLLVVL,4.0775
VIIILVIVILVVVLLLFIVVIVILVVVLIILVILIVLVII,4.17
IVLVVVLLVVVLIVLILLLLVVVVCVLLIIVVIILIILVL,4.085
LFIIIVIVVVFIVVIVVLVIIVLVLVVVLVFLIVLLILVI,4.0875
IIIIIVVVLVLVLLLIILFVIIIILIVVCVLVVVVIIVVV,4.1475
LVLLLLFIVIIVIVVLIVVLIVIVVVIILVLVVLIVFVVV,4.1049999999999995
LIVVVLLVVVVVVVIIIVLLIVFVLLVVVVILIIVILILI,4.1475
VIIILLVIVILVILIVILVVVLLVILLFLLVVVVLVFVII,4.092499999999999
VILILVLVVVVLIVVVVVLIVVVVIIILLIVVLIFILVVF,4.115
VVLIILIVVVVIIVFVIVVIILVLVILVILVIIVLLVIVI,4.1899999999999995
ICVIVLIVILVVVVVVVLIIFIVVIVLLILVIVIVVIVIL,4.15
VIVVLIVLVVIIVIVIVIVIIVVVVIVIIVVVIVIVIVLV,4.282500000000001
VLVLVIVIVIVVFICLVLVLIVIVLVIIVILLIIVIVIIV,4.1475
VVIVVVLVVVVFILLVVILVLLVLVLIVVVVVLILVIIVL,4.1075
VVIIIVVVVVIVIVVLVVILIFILLLIVIVILILMVVCLV,4.075
VFVVVFIVVVIVILIVLVVVLVIVVVLLLVVFLVIVIILI,4.0825000000000005
VIIVVVIIFIVVLVVLILIVCLVILVVVLVIVLLIVFVVI,4.09
IVVIVIILCVACFVVLVIIVVICIVVVIIIVLVLIIIILI,4.0475
IVLIVILVIVVVIIVILLVVVVIVIVIVVVLVVVVLIIVL,4.220000000000001
LVCIILLVCVIVVVVVVILIVVLIVLVLLVLVVVVVLILI,4.0649999999999995
LVVLVVILVIIVVIVIIVIILVFVVLIIILVILLVLIIVI,4.1875
VVLVIVVILVVLCLILLLLIILIVFVIVILLVLVVIIVVI,4.085
VVIVVVIIIIIIILIIILILIIVVILLVIIVVLLIILIII,4.285
CVIVVIVLIFVLFIVIIVILLILIILIIVVVIVVIVLVVF,4.0875
LLVLLVVLCIVLIVIFLVVILVIVLIVVLLVIIIIIIFVI,4.075
LVIVVILVVLIIVLVLVIVIIIIVVVVIIVLVFVVVLVIC,4.1425
FVVVVVVIIVLLVIVVVLIILILLIVLILIVLILLVILVI,4.135
LIVILVVLIILVLVIVFIVILLLVVVVVIVLLVVVLIIVL,4.12
VVIFILIVVFVVLVLLVVVIVVVLVVIVVIVVLVVFVILL,4.0675
VLFVLVLVIVLVLVVLLVVVLVVVLLILLIVLLILVLVVL,4.025
VVIIIIVLVMIVIVLLLLVVIVLVIVIVLLVVIFIVLVLV,4.09
VVVIVVILILVVIVVVLIIVVLILIVVLVIVLVLVVLIVI,4.1925
ICVLILIIIIVIIIVIIVLLIFVCIIILIVLVVVVLVIVL,4.1274999999999995
VIIVILCIIVCVVVVLVCVVIVVILVVICVIVIFVILIIL,4.0424999999999995
CIIILLVFVLVIVVLCVVVLVVLVVVLVVLVIVVIIVVLL,4.032500000000001
ILVVFIVLIIFVIIVVMVVILVVVVIIVLVLIIIVVIIVV,4.1274999999999995
VVILIIIILLILIIVIIVIIILIAVFILVVVIVIIIIIVI,4.21
LVCFIVCVIVIIIVVVVLIVVLILVVIFVVVILLVIVLIL,4.0475
VVVLCILVVILIIVLVVVILVVVVIILIILIVVIVLVIVI,4.175
IVVILVIVVVLIILLIVVLVVFLLIIVLIVVVILIIIIVL,4.17
VVVVIIVVVVVIILLVVILLLVVIVIVVVVLVVVVLIIVV,4.1975
